"","Spp","Count","Plot","Direction","Fire.affected","Type","true.plot"
"1","Impatiens spp.",55,"1-2-I","E","x","I","1-2-I-E"
"2","Rubus spp.",8,"1-2-I","E","x","I","1-2-I-E"
"3","Boehmeria spp.",25,"1-2-I","E","x","I","1-2-I-E"
"4","Polygonum spp.",4,"1-2-I","E","x","I","1-2-I-E"
"5","Persicaria spp.",6,"1-2-I","E","x","I","1-2-I-E"
"6","Monocot",7,"1-2-I","E","x","I","1-2-I-E"
"7","Berberis thunbergii",2,"1-2-I","E","x","I","1-2-I-E"
"8","Oxalis spp.",4,"1-2-I","E","x","I","1-2-I-E"
"9","Oxalis spp.",2,"1-2-I","E","x","I","1-2-I-E"
"10","Acer rubrum",6,"1-2-I","E","x","I","1-2-I-E"
"11","Vitis spp.",1,"1-2-I","E","x","I","1-2-I-E"
"12","Galium spp.",34,"1-2-I","E","x","I","1-2-I-E"
"13","Celastrus orbiculatus",1,"1-2-I","E","x","I","1-2-I-E"
"14","Parthenocissus quinquefolia",2,"1-2-I","E","x","I","1-2-I-E"
"15","Ligustrum vulgare",1,"1-2-I","E","x","I","1-2-I-E"
"16","Lindera benzoin",1,"1-2-I","E","x","I","1-2-I-E"
"17","Rosa multiflora",3,"1-2-I","E","x","I","1-2-I-E"
"18","Berberis thunbergii",28,"1-2-I","N","x","I","1-2-I-N"
"19","Rubus spp.",5,"1-2-I","N","x","I","1-2-I-N"
"20","Ligustrum vulgare",5,"1-2-I","N","x","I","1-2-I-N"
"21","Boehmeria spp.",8,"1-2-I","N","x","I","1-2-I-N"
"22","Parthenocissus quinquefolia",15,"1-2-I","N","x","I","1-2-I-N"
"23","Alliaria petiolata",1,"1-2-I","N","x","I","1-2-I-N"
"24","Impatiens spp.",4,"1-2-I","N","x","I","1-2-I-N"
"25","Viola spp.",2,"1-2-I","N","x","I","1-2-I-N"
"26","Monocot",1,"1-2-I","N","x","I","1-2-I-N"
"27","Monocot",1,"1-2-I","N","x","I","1-2-I-N"
"28","Monocot",3,"1-2-I","N","x","I","1-2-I-N"
"29","Celastrus orbiculatus",3,"1-2-I","N","x","I","1-2-I-N"
"30","Persicaria spp.",4,"1-2-I","N","x","I","1-2-I-N"
"31","Cryptotaenia canadensis",1,"1-2-I","N","x","I","1-2-I-N"
"32","Circaea lutetiana",2,"1-2-I","N","x","I","1-2-I-N"
"33","Rosa multiflora",8,"1-2-I","N","x","I","1-2-I-N"
"34","Rubus spp.",2,"1-2-R","NE","NA","R","1-2-R-NE"
"35","Boehmeria spp.",13,"1-2-R","NE","NA","R","1-2-R-NE"
"36","Plantago spp.",1,"1-2-R","NE","NA","R","1-2-R-NE"
"37","Monocot",2,"1-2-R","NE","NA","R","1-2-R-NE"
"38","Monocot",11,"1-2-R","NE","NA","R","1-2-R-NE"
"39","Monocot",4,"1-2-R","NE","NA","R","1-2-R-NE"
"40","Persicaria spp.",6,"1-2-R","NE","NA","R","1-2-R-NE"
"41","Microstegium vimineum",1,"1-2-R","NE","NA","R","1-2-R-NE"
"42","Monocot",2,"1-2-R","NE","NA","R","1-2-R-NE"
"43","Viola spp.",4,"1-2-R","NE","NA","R","1-2-R-NE"
"44","Oxalis spp.",3,"1-2-R","NE","NA","R","1-2-R-NE"
"45","Galium spp.",30,"1-2-R","NE","NA","R","1-2-R-NE"
"46","Parthenocissus quinquefolia",4,"1-2-R","NE","NA","R","1-2-R-NE"
"47","Impatiens spp.",2,"1-2-R","NE","NA","R","1-2-R-NE"
"48","Berberis thunbergii",3,"1-2-R","NE","NA","R","1-2-R-NE"
"49","Dicot",1,"1-2-R","NE","NA","R","1-2-R-NE"
"50","Celastrus orbiculatus",1,"1-2-R","NE","NA","R","1-2-R-NE"
"51","Symplocarpus foetidus",1,"1-2-R","NE","NA","R","1-2-R-NE"
"52","Alliaria petiolata",3,"1-2-R","NE","NA","R","1-2-R-NE"
"53","Polygonum spp.",3,"1-2-R","NE","NA","R","1-2-R-NE"
"54","Rosa multiflora",9,"1-2-R","NE","NA","R","1-2-R-NE"
"55","Monocot",2,"1-2-R","NE","NA","R","1-2-R-NE"
"56","Ligustrum vulgare",45,"1-2-R","SW","NA","R","1-2-R-SW"
"57","Impatiens spp.",5,"1-2-R","SW","NA","R","1-2-R-SW"
"58","Viola spp.",2,"1-2-R","SW","NA","R","1-2-R-SW"
"59","Monocot",4,"1-2-R","SW","NA","R","1-2-R-SW"
"60","Berberis thunbergii",10,"1-2-R","SW","NA","R","1-2-R-SW"
"61","Boehmeria spp.",2,"1-2-R","SW","NA","R","1-2-R-SW"
"62","Rosa multiflora",12,"1-2-R","SW","NA","R","1-2-R-SW"
"63","Lindera benzoin",2,"1-3-C","W","NA","C","1-3-C-W"
"64","Rosa multiflora",3,"1-3-C","W","NA","C","1-3-C-W"
"65","Sassafras albidum",1,"1-3-C","W","NA","C","1-3-C-W"
"66","Monocot",10,"1-3-C","W","NA","C","1-3-C-W"
"67","Alnus spp.",1,"1-3-C","W","NA","C","1-3-C-W"
"68","Polygonum spp.",2,"1-3-C","W","NA","C","1-3-C-W"
"69","Viola spp.",3,"1-3-C","W","NA","C","1-3-C-W"
"70","Berberis thunbergii",1,"1-3-C","W","NA","C","1-3-C-W"
"71","Polygonum spp.",10,"1-3-C","SE","NA","C","1-3-C-SE"
"72","Lindera benzoin",3,"1-3-C","SE","NA","C","1-3-C-SE"
"73","Dicot",1,"1-3-C","SE","NA","C","1-3-C-SE"
"74","Viola spp.",6,"1-3-C","SE","NA","C","1-3-C-SE"
"75","Dicot",1,"1-3-C","SE","NA","C","1-3-C-SE"
"76","Ligustrum vulgare",2,"1-3-C","SE","NA","C","1-3-C-SE"
"77","Berberis thunbergii",5,"1-3-C","SE","NA","C","1-3-C-SE"
"78","Dicot",1,"1-3-C","SE","NA","C","1-3-C-SE"
"79","Rosa multiflora",5,"1-3-C","SE","NA","C","1-3-C-SE"
"80","Parthenocissus quinquefolia",2,"1-3-C","SE","NA","C","1-3-C-SE"
"81","Boehmeria spp.",1,"1-3-C","SE","NA","C","1-3-C-SE"
"82","Ligustrum vulgare",11,"1-2-C","N","NA","C","1-2-C-N"
"83","Lindera benzoin",4,"1-2-C","N","NA","C","1-2-C-N"
"84","Berberis thunbergii",7,"1-2-C","N","NA","C","1-2-C-N"
"85","Parthenocissus quinquefolia",7,"1-2-C","N","NA","C","1-2-C-N"
"86","Celastrus orbiculatus",7,"1-2-C","N","NA","C","1-2-C-N"
"87","Polygonum spp.",4,"1-2-C","N","NA","C","1-2-C-N"
"88","Impatiens spp.",10,"1-2-C","N","NA","C","1-2-C-N"
"89","Rosa multiflora",1,"1-2-C","N","NA","C","1-2-C-N"
"90","Berberis thunbergii",4,"1-2-C","S","NA","C","1-2-C-S"
"91","Persicaria spp.",14,"1-2-C","S","NA","C","1-2-C-S"
"92","Polygonum spp.",4,"1-2-C","S","NA","C","1-2-C-S"
"93","Viola spp.",8,"1-2-C","S","NA","C","1-2-C-S"
"94","Parthenocissus quinquefolia",5,"1-2-C","S","NA","C","1-2-C-S"
"95","Lindera benzoin",4,"1-2-C","S","NA","C","1-2-C-S"
"96","Ligustrum vulgare",6,"1-2-C","S","NA","C","1-2-C-S"
"97","Ranunculus spp.",28,"1-2-C","S","NA","C","1-2-C-S"
"98","Impatiens spp.",12,"1-2-C","S","NA","C","1-2-C-S"
"99","Alliaria petiolata",6,"1-2-C","S","NA","C","1-2-C-S"
"100","Boehmeria spp.",11,"1-2-C","S","NA","C","1-2-C-S"
"101","Monocot",1,"1-2-C","S","NA","C","1-2-C-S"
"102","Oxalis spp.",2,"1-2-C","S","NA","C","1-2-C-S"
"103","Thelypteris noveboracensis",65,"1-2-C","N","NA","C","1-2-C-N"
"104","Thelypteris noveboracensis",31,"1-2-C","S","NA","C","1-2-C-S"
"105","Dryopteris x triploidea",15,"1-2-C","N","NA","C","1-2-C-N"
"106","Dryopteris intermedia",5,"1-2-C","N","NA","C","1-2-C-N"
"107","Dryopteris intermedia",10,"1-2-C","S","NA","C","1-2-C-S"
"108","Dennstaedtia punctilobula",1,"1-2-C","N","NA","C","1-2-C-N"
"109","Boehmeria spp.",4,"1-3-I","SW","x","I","1-3-I-SW"
"110","Sassafras albidum",11,"1-3-I","SW","x","I","1-3-I-SW"
"111","Persicaria spp.",6,"1-3-I","SW","x","I","1-3-I-SW"
"112","Berberis thunbergii",36,"1-3-I","SW","x","I","1-3-I-SW"
"113","Alliaria petiolata",3,"1-3-I","SW","x","I","1-3-I-SW"
"114","Viola spp.",5,"1-3-I","SW","x","I","1-3-I-SW"
"115","Monocot",1,"1-3-I","SW","x","I","1-3-I-SW"
"116","Mitchella repens",6,"1-3-I","SW","x","I","1-3-I-SW"
"117","Vitis spp.",1,"1-3-I","SW","x","I","1-3-I-SW"
"118","Oxalis spp.",2,"1-3-I","SW","x","I","1-3-I-SW"
"119","Lindera benzoin",3,"1-3-I","SW","x","I","1-3-I-SW"
"120","Lonicera spp.",5,"1-3-I","SW","x","I","1-3-I-SW"
"121","Rosa multiflora",2,"1-3-I","SW","x","I","1-3-I-SW"
"122","Toxicodendron radicans",1,"1-3-I","SW","x","I","1-3-I-SW"
"123","Polystichum acrostichoides",34,"1-3-I","SW","x","I","1-3-I-SW"
"124","Galium spp.",8,"1-3-I","W","x","I","1-3-I-W"
"125","Parthenocissus quinquefolia",9,"1-3-I","W","x","I","1-3-I-W"
"126","Polygonum spp.",4,"1-3-I","W","x","I","1-3-I-W"
"127","Ligustrum vulgare",8,"1-3-I","W","x","I","1-3-I-W"
"128","Celastrus orbiculatus",4,"1-3-I","W","x","I","1-3-I-W"
"129","Boehmeria spp.",4,"1-3-I","W","x","I","1-3-I-W"
"130","Dicot",1,"1-3-I","W","x","I","1-3-I-W"
"131","Dicot",2,"1-3-I","W","x","I","1-3-I-W"
"132","Sassafras albidum",1,"1-3-I","W","x","I","1-3-I-W"
"133","Vitis spp.",1,"1-3-I","W","x","I","1-3-I-W"
"134","Alliaria petiolata",10,"1-3-I","W","x","I","1-3-I-W"
"135","Impatiens spp.",2,"1-3-I","W","x","I","1-3-I-W"
"136","Rubus spp.",1,"1-3-I","W","x","I","1-3-I-W"
"137","Berberis thunbergii",11,"1-3-I","W","x","I","1-3-I-W"
"138","Lindera benzoin",2,"1-3-I","W","x","I","1-3-I-W"
"139","Rosa multiflora",4,"1-3-I","W","x","I","1-3-I-W"
"140","Polystichum acrostichoides",166,"1-3-I","W","x","I","1-3-I-W"
"141","Alliaria petiolata",13,"1-3-R","S","NA","R","1-3-R-S"
"142","Persicaria spp.",55,"1-3-R","S","NA","R","1-3-R-S"
"143","Berberis thunbergii",55,"1-3-R","S","NA","R","1-3-R-S"
"144","Polygonum spp.",3,"1-3-R","S","NA","R","1-3-R-S"
"145","Ligustrum vulgare",3,"1-3-R","S","NA","R","1-3-R-S"
"146","Rosa multiflora",2,"1-3-R","S","NA","R","1-3-R-S"
"147","Boehmeria spp.",2,"1-3-R","S","NA","R","1-3-R-S"
"148","Impatiens spp.",2,"1-3-R","S","NA","R","1-3-R-S"
"149","Viola spp.",7,"1-3-R","S","NA","R","1-3-R-S"
"150","Oxalis spp.",2,"1-3-R","S","NA","R","1-3-R-S"
"151","Phytolacca decandra",6,"1-3-R","S","NA","R","1-3-R-S"
"152","Vitis spp.",2,"1-3-R","S","NA","R","1-3-R-S"
"153","Oxalis spp.",1,"1-3-R","S","NA","R","1-3-R-S"
"154","Persicaria spp.",9,"1-3-R","NE","NA","R","1-3-R-NE"
"155","Berberis thunbergii",32,"1-3-R","NE","NA","R","1-3-R-NE"
"156","Impatiens spp.",1,"1-3-R","NE","NA","R","1-3-R-NE"
"157","Viola spp.",5,"1-3-R","NE","NA","R","1-3-R-NE"
"158","Phytolacca decandra",17,"1-3-R","NE","NA","R","1-3-R-NE"
"159","Polygonum spp.",3,"1-3-R","NE","NA","R","1-3-R-NE"
"160","Rubus spp.",4,"1-3-R","NE","NA","R","1-3-R-NE"
"161","Boehmeria spp.",1,"1-3-R","NE","NA","R","1-3-R-NE"
"162","Vitis spp.",3,"1-3-R","NE","NA","R","1-3-R-NE"
"163","Alliaria petiolata",19,"1-3-R","NE","NA","R","1-3-R-NE"
"164","Lindera benzoin",1,"1-3-R","NE","NA","R","1-3-R-NE"
"165","Rosa multiflora",6,"1-3-R","NE","NA","R","1-3-R-NE"
"166","Ligustrum vulgare",3,"1-3-R","NE","NA","R","1-3-R-NE"
"167","Oxalis spp.",1,"1-3-R","NE","NA","R","1-3-R-NE"
"168","Polystichum acrostichoides",95,"1-3-R","NE","NA","R","1-3-R-NE"
"169","Dryopteris intermedia",7,"1-3-R","NE","NA","R","1-3-R-NE"
"170","Monotropa uniflora",1,"1-3-R","NE","NA","R","1-3-R-NE"
"171","Thelypteris noveboracensis",60,"1-3-C","SE","NA","C","1-3-C-SE"
"172","Thelypteris noveboracensis",230,"1-3-C","W","NA","C","1-3-C-W"
"173","Rubus spp.",4,"1-1-C","S","NA","C","1-1-C-S"
"174","Impatiens spp.",1,"1-1-C","S","NA","C","1-1-C-S"
"175","Lindera benzoin",3,"1-1-C","S","NA","C","1-1-C-S"
"176","Prunus serotina",1,"1-1-C","S","NA","C","1-1-C-S"
"177","Thelypteris noveboracensis",250,"1-1-C","S","NA","C","1-1-C-S"
"178","Lindera benzoin",18,"1-1-C","NE","NA","C","1-1-C-NE"
"179","Boehmeria spp.",13,"1-1-C","NE","NA","C","1-1-C-NE"
"180","Ligustrum vulgare",11,"1-1-C","NE","NA","C","1-1-C-NE"
"181","Celastrus orbiculatus",5,"1-1-C","NE","NA","C","1-1-C-NE"
"182","Parthenocissus quinquefolia",9,"1-1-C","NE","NA","C","1-1-C-NE"
"183","Impatiens spp.",16,"1-1-C","NE","NA","C","1-1-C-NE"
"184","Persicaria spp.",7,"1-1-C","NE","NA","C","1-1-C-NE"
"185","Viola spp.",24,"1-1-C","NE","NA","C","1-1-C-NE"
"186","Berberis thunbergii",13,"1-1-C","NE","NA","C","1-1-C-NE"
"187","Circaea lutetiana",8,"1-1-C","NE","NA","C","1-1-C-NE"
"188","Rubus spp.",2,"1-1-C","NE","NA","C","1-1-C-NE"
"189","Monocot",4,"1-1-C","NE","NA","C","1-1-C-NE"
"190","Maianthemum spp.",1,"1-1-C","NE","NA","C","1-1-C-NE"
"191","Vitis spp.",1,"1-1-C","NE","NA","C","1-1-C-NE"
"192","Acer rubrum",2,"1-1-C","NE","NA","C","1-1-C-NE"
"193","Rosa multiflora",3,"1-1-C","NE","NA","C","1-1-C-NE"
"194","Monocot",1,"1-1-C","NE","NA","C","1-1-C-NE"
"195","Thelypteris noveboracensis",50,"1-1-C","NE","NA","C","1-1-C-NE"
"196","Thelypteris noveboracensis",41,"1-2-I","E","x","I","1-2-I-E"
"197","Dryopteris x triploidea",32,"1-2-I","N","x","I","1-2-I-N"
"198","Dryopteris carthusiana",5,"1-2-I","N","x","I","1-2-I-N"
"199","Thelypteris noveboracensis",22,"1-2-I","N","x","I","1-2-I-N"
"200","Thelypteris noveboracensis",96,"1-2-R","NE","NA","R","1-2-R-NE"
"201","Dennstaedtia punctilobula",5,"1-2-R","NE","NA","R","1-2-R-NE"
"202","Thelypteris noveboracensis",7,"1-2-R","NE","NA","R","1-2-R-NE"
"203","Dryopteris x triploidea",17,"1-2-R","SW","NA","R","1-2-R-SW"
"204","Dryopteris carthusiana",8,"1-2-R","SW","NA","R","1-2-R-SW"
"205","Thelypteris noveboracensis",23,"1-2-R","SW","NA","R","1-2-R-SW"
"206","Lindera benzoin",9,"1-1-I","W","x","I","1-1-I-W"
"207","Parthenocissus quinquefolia",18,"1-1-I","W","x","I","1-1-I-W"
"208","Berberis thunbergii",24,"1-1-I","W","x","I","1-1-I-W"
"209","Rubus spp.",10,"1-1-I","W","x","I","1-1-I-W"
"210","Persicaria spp.",12,"1-1-I","W","x","I","1-1-I-W"
"211","Alliaria petiolata",3,"1-1-I","W","x","I","1-1-I-W"
"212","Acer rubrum",3,"1-1-I","W","x","I","1-1-I-W"
"213","Prenanthes spp.",11,"1-1-I","W","x","I","1-1-I-W"
"214","Rosa multiflora",18,"1-1-I","W","x","I","1-1-I-W"
"215","Onoclea sensibilis",7,"1-1-I","W","x","I","1-1-I-W"
"216","Viola spp.",6,"1-1-I","W","x","I","1-1-I-W"
"217","Dryopteris spp.",19,"1-1-I","W","x","I","1-1-I-W"
"218","Symplocarpus foetidus",1,"1-1-I","E","x","I","1-1-I-E"
"219","Parthenocissus quinquefolia",13,"1-1-I","E","x","I","1-1-I-E"
"220","Ranunculus spp.",9,"1-1-I","E","x","I","1-1-I-E"
"221","Rubus spp.",6,"1-1-I","E","x","I","1-1-I-E"
"222","Vitis spp.",10,"1-1-I","E","x","I","1-1-I-E"
"223","Monocot",2,"1-1-I","E","x","I","1-1-I-E"
"224","Lindera benzoin",2,"1-1-I","E","x","I","1-1-I-E"
"225","Lindera benzoin",5,"1-1-I","E","x","I","1-1-I-E"
"226","Persicaria spp.",13,"1-1-I","E","x","I","1-1-I-E"
"227","Berberis thunbergii",10,"1-1-I","E","x","I","1-1-I-E"
"228","Rosa multiflora",6,"1-1-I","E","x","I","1-1-I-E"
"229","Dryopteris carthusiana",15,"1-1-I","E","x","I","1-1-I-E"
"230","Onoclea sensibilis",21,"1-1-I","E","x","I","1-1-I-E"
"231","Prenanthes spp.",2,"1-1-I","E","x","I","1-1-I-E"
"232","Circaea lutetiana",1,"1-1-I","E","x","I","1-1-I-E"
"233","Persicaria spp.",105,"1-1-R","N","NA","R","1-1-R-N"
"234","Berberis thunbergii",18,"1-1-R","N","NA","R","1-1-R-N"
"235","Impatiens spp.",5,"1-1-R","N","NA","R","1-1-R-N"
"236","Boehmeria spp.",1,"1-1-R","N","NA","R","1-1-R-N"
"237","Parthenocissus quinquefolia",12,"1-1-R","N","NA","R","1-1-R-N"
"238","Microstegium vimineum",4,"1-1-R","N","NA","R","1-1-R-N"
"239","Phytolacca decandra",7,"1-1-R","N","NA","R","1-1-R-N"
"240","Dicot",1,"1-1-R","N","NA","R","1-1-R-N"
"241","Crataegus spp.",1,"1-1-I","E","x","I","1-1-I-E"
"242","Monocot",3,"1-1-R","N","NA","R","1-1-R-N"
"243","Rubus spp.",1,"1-1-R","N","NA","R","1-1-R-N"
"244","Symplocarpus foetidus",3,"1-1-R","N","NA","R","1-1-R-N"
"245","Circaea lutetiana",1,"1-1-R","N","NA","R","1-1-R-N"
"246","Rosa multiflora",3,"1-1-R","N","NA","R","1-1-R-N"
"247","Vitis spp.",2,"1-1-R","N","NA","R","1-1-R-N"
"248","Parthenocissus quinquefolia",16,"1-1-R","SW","NA","R","1-1-R-SW"
"249","Berberis thunbergii",83,"1-1-R","SW","NA","R","1-1-R-SW"
"250","Lindera benzoin",1,"1-1-R","SW","NA","R","1-1-R-SW"
"251","Lindera benzoin",6,"1-1-R","SW","NA","R","1-1-R-SW"
"252","Rubus spp.",2,"1-1-R","SW","NA","R","1-1-R-SW"
"253","Vitis spp.",4,"1-1-R","SW","NA","R","1-1-R-SW"
"254","Toxicodendron radicans",7,"1-1-R","SW","NA","R","1-1-R-SW"
"255","Vitis spp.",1,"1-1-R","SW","NA","R","1-1-R-SW"
"256","Prunus serotina",4,"1-1-R","SW","NA","R","1-1-R-SW"
"257","Alnus spp.",3,"1-1-R","SW","NA","R","1-1-R-SW"
"258","Rosa multiflora",1,"1-1-R","SW","NA","R","1-1-R-SW"
"259","Persicaria spp.",9,"1-1-R","SW","NA","R","1-1-R-SW"
"260","Prenanthes spp.",2,"1-1-R","SW","NA","R","1-1-R-SW"
"261","Onoclea sensibilis",2,"1-1-R","SW","NA","R","1-1-R-SW"
"262","Ligustrum vulgare",17,"2-3-C","E","NA","C","2-3-C-E"
"263","Persicaria spp.",10,"2-3-C","E","NA","C","2-3-C-E"
"264","Galium spp.",53,"2-3-C","E","NA","C","2-3-C-E"
"265","Polygonum spp.",16,"2-3-C","E","NA","C","2-3-C-E"
"266","Rubus spp.",9,"2-3-C","E","NA","C","2-3-C-E"
"267","Parthenocissus quinquefolia",26,"2-3-C","E","NA","C","2-3-C-E"
"268","Boehmeria spp.",1,"2-3-C","E","NA","C","2-3-C-E"
"269","Lindera benzoin",12,"2-3-C","E","NA","C","2-3-C-E"
"270","Celastrus orbiculatus",7,"2-3-C","E","NA","C","2-3-C-E"
"271","Alliaria petiolata",9,"2-3-C","E","NA","C","2-3-C-E"
"272","Berberis thunbergii",4,"2-3-C","E","NA","C","2-3-C-E"
"273","Rosa multiflora",12,"2-3-C","E","NA","C","2-3-C-E"
"274","Alnus spp.",2,"2-3-C","E","NA","C","2-3-C-E"
"275","Sassafras albidum",4,"2-3-C","E","NA","C","2-3-C-E"
"276","Impatiens spp.",7,"2-3-C","E","NA","C","2-3-C-E"
"277","Lamiaceae",1,"2-3-C","E","NA","C","2-3-C-E"
"278","Monocot",4,"2-3-C","E","NA","C","2-3-C-E"
"279","Dryopteris triploidea",5,"2-3-C","E","NA","C","2-3-C-E"
"280","Oxalis spp.",1,"2-3-C","E","NA","C","2-3-C-E"
"281","Rubus spp.",12,"2-3-C","S","NA","C","2-3-C-S"
"282","Polygonum spp.",6,"2-3-C","S","NA","C","2-3-C-S"
"283","Boehmeria spp.",12,"2-3-C","S","NA","C","2-3-C-S"
"284","Impatiens spp.",1,"2-3-C","S","NA","C","2-3-C-S"
"285","Circaea lutetiana",2,"2-3-C","S","NA","C","2-3-C-S"
"286","Lamiaceae",1,"2-3-C","S","NA","C","2-3-C-S"
"287","Celastrus orbiculatus",2,"2-3-C","S","NA","C","2-3-C-S"
"288","Ligustrum vulgare",9,"2-3-C","S","NA","C","2-3-C-S"
"289","Alliaria petiolata",3,"2-3-C","S","NA","C","2-3-C-S"
"290","Viola spp.",1,"2-3-C","S","NA","C","2-3-C-S"
"291","Persicaria spp.",13,"2-3-C","S","NA","C","2-3-C-S"
"292","Crataegus spp.",1,"2-3-C","S","NA","C","2-3-C-S"
"293","Parthenocissus quinquefolia",4,"2-3-C","S","NA","C","2-3-C-S"
"294","Lindera benzoin",4,"2-3-C","S","NA","C","2-3-C-S"
"295","Dicot",3,"2-3-C","S","NA","C","2-3-C-S"
"296","Toxicodendron radicans",4,"2-3-C","S","NA","C","2-3-C-S"
"297","Monocot",3,"2-3-C","S","NA","C","2-3-C-S"
"298","Acer rubrum",1,"2-3-C","S","NA","C","2-3-C-S"
"299","Galium spp.",33,"2-3-C","S","NA","C","2-3-C-S"
"300","Ilex spp.",1,"2-3-C","S","NA","C","2-3-C-S"
"301","Oxalis spp.",2,"2-3-C","S","NA","C","2-3-C-S"
"302","Rosa multiflora",6,"2-3-C","S","NA","C","2-3-C-S"
"303","Polystichum acrostichoides",27,"2-3-C","S","NA","C","2-3-C-S"
"304","Dryopteris triploidea",18,"2-3-C","S","NA","C","2-3-C-S"
"305","Parthenocissus quinquefolia",17,"1-1-I","Center","NA","I","1-1-I-Center"
"306","Toxicodendron radicans",7,"1-1-I","Center","NA","I","1-1-I-Center"
"307","Polygonum spp.",1,"1-1-I","Center","NA","I","1-1-I-Center"
"308","Crataegus spp.",2,"1-1-I","Center","NA","I","1-1-I-Center"
"309","Onoclea sensibilis",3,"1-1-I","Center","NA","I","1-1-I-Center"
"310","Berberis thunbergii",8,"1-1-I","Center","NA","I","1-1-I-Center"
"311","Symplocarpus foetidus",1,"1-1-I","Center","NA","I","1-1-I-Center"
"312","Rosa multiflora",3,"1-1-I","Center","NA","I","1-1-I-Center"
"313","Monocot",1,"1-1-I","Center","NA","I","1-1-I-Center"
"314","Monocot",1,"1-1-I","Center","NA","I","1-1-I-Center"
"315","Lindera benzoin",4,"1-1-I","Center","NA","I","1-1-I-Center"
"316","Impatiens spp.",5,"1-2-C","Center","NA","C","1-2-C-Center"
"317","Boehmeria spp.",8,"1-2-C","Center","NA","C","1-2-C-Center"
"318","Viola spp.",6,"1-2-C","Center","NA","C","1-2-C-Center"
"319","Polygonum spp.",3,"1-2-C","Center","NA","C","1-2-C-Center"
"320","Thelypteris noveboracensis",135,"1-2-C","Center","NA","C","1-2-C-Center"
"321","Dryopteris intermedia",11,"1-2-C","Center","NA","C","1-2-C-Center"
"322","Monocot",1,"1-2-C","Center","NA","C","1-2-C-Center"
"323","Persicaria spp.",7,"1-2-C","Center","NA","C","1-2-C-Center"
"324","Rosa multiflora",1,"1-2-C","Center","NA","C","1-2-C-Center"
"325","Circaea lutetiana",1,"1-2-C","Center","NA","C","1-2-C-Center"
"326","Parthenocissus quinquefolia",3,"1-2-I","Center","NA","I","1-2-I-Center"
"327","Rubus spp.",3,"1-2-I","Center","NA","I","1-2-I-Center"
"328","Thelypteris noveboracensis",6,"1-2-I","Center","NA","I","1-2-I-Center"
"329","Rosa multiflora",5,"1-2-I","Center","NA","I","1-2-I-Center"
"330","Boehmeria spp.",2,"1-2-I","Center","NA","I","1-2-I-Center"
"331","Galium spp.",3,"1-2-I","Center","NA","I","1-2-I-Center"
"332","Ligustrum vulgare",7,"1-2-I","Center","NA","I","1-2-I-Center"
"333","Dryopteris triploidea",15,"1-2-I","Center","NA","I","1-2-I-Center"
"334","Persicaria spp.",1,"1-2-I","Center","NA","I","1-2-I-Center"
"335","Toxicodendron radicans",1,"1-2-I","Center","NA","I","1-2-I-Center"
"336","Lindera benzoin",1,"1-2-I","Center","NA","I","1-2-I-Center"
"337","Thelypteris noveboracensis",293,"1-3-C","Center","NA","C","1-3-C-Center"
"338","Oxalis spp.",1,"1-3-I","Center","NA","I","1-3-I-Center"
"339","Ligustrum vulgare",6,"1-3-I","Center","NA","I","1-3-I-Center"
"340","Berberis thunbergii",19,"1-3-I","Center","NA","I","1-3-I-Center"
"341","Polygonum spp.",5,"1-3-I","Center","NA","I","1-3-I-Center"
"342","Impatiens spp.",4,"1-3-I","Center","NA","I","1-3-I-Center"
"343","Polystichum acrostichoides",33,"1-3-I","Center","NA","I","1-3-I-Center"
"344","Alliaria petiolata",12,"1-3-I","Center","NA","I","1-3-I-Center"
"345","Dryopteris triploidea",3,"1-3-I","Center","NA","I","1-3-I-Center"
"346","Persicaria spp.",2,"1-3-I","Center","NA","I","1-3-I-Center"
"347","Boehmeria spp.",2,"1-3-I","Center","NA","I","1-3-I-Center"
"348","Celastrus orbiculatus",28,"2-1-C","Center","NA","C","2-1-C-Center"
"349","Parthenocissus quinquefolia",14,"2-1-C","Center","NA","C","2-1-C-Center"
"350","Polygonum spp.",15,"2-1-C","Center","NA","C","2-1-C-Center"
"351","Galium spp.",31,"2-1-C","Center","NA","C","2-1-C-Center"
"352","Toxicodendron radicans",4,"2-1-C","Center","NA","C","2-1-C-Center"
"353","Boehmeria spp.",20,"2-1-C","Center","NA","C","2-1-C-Center"
"354","Ligustrum vulgare",13,"2-1-C","Center","NA","C","2-1-C-Center"
"355","Berberis thunbergii",3,"2-1-C","Center","NA","C","2-1-C-Center"
"356","Rosa multiflora",4,"2-1-C","Center","NA","C","2-1-C-Center"
"357","Impatiens spp.",4,"2-1-C","Center","NA","C","2-1-C-Center"
"358","Lindera benzoin",13,"2-1-C","Center","NA","C","2-1-C-Center"
"359","Rubus spp.",4,"2-1-C","Center","NA","C","2-1-C-Center"
"360","Persicaria spp.",6,"2-1-C","Center","NA","C","2-1-C-Center"
"361","Circaea lutetiana",1,"2-1-C","Center","NA","C","2-1-C-Center"
"362","Oxalis spp.",2,"2-1-C","Center","NA","C","2-1-C-Center"
"363","Dryopteris spp.",6,"2-1-C","Center","NA","C","2-1-C-Center"
"364","Berberis thunbergii",47,"2-1-R","N","NA","R","2-1-R-N"
"365","Ligustrum vulgare",5,"2-1-R","N","NA","R","2-1-R-N"
"366","Rubus spp.",2,"2-1-R","N","NA","R","2-1-R-N"
"367","Polygonum spp.",16,"2-1-R","N","NA","R","2-1-R-N"
"368","Celastrus orbiculatus",1,"2-1-R","N","NA","R","2-1-R-N"
"369","Parthenocissus quinquefolia",7,"2-1-R","N","NA","R","2-1-R-N"
"370","Sassafras albidum",1,"2-1-R","N","NA","R","2-1-R-N"
"371","Impatiens spp.",1,"2-1-R","N","NA","R","2-1-R-N"
"372","Alliaria petiolata",2,"2-1-R","N","NA","R","2-1-R-N"
"373","Rosa multiflora",13,"2-1-R","N","NA","R","2-1-R-N"
"374","Polystichum acrostichoides",22,"2-1-R","N","NA","R","2-1-R-N"
"375","Toxicodendron radicans",2,"2-1-R","N","NA","R","2-1-R-N"
"376","Dryopteris triploidea",8,"2-1-R","N","NA","R","2-1-R-N"
"377","Persicaria spp.",2,"2-1-R","N","NA","R","2-1-R-N"
"378","Berberis thunbergii",62,"2-1-R","S","NA","R","2-1-R-S"
"379","Ligustrum vulgare",8,"2-1-R","S","NA","R","2-1-R-S"
"380","Boehmeria spp.",1,"2-1-R","S","NA","R","2-1-R-S"
"381","Polygonum spp.",14,"2-1-R","S","NA","R","2-1-R-S"
"382","Rubus spp.",1,"2-1-R","S","NA","R","2-1-R-S"
"383","Lindera benzoin",2,"2-1-R","S","NA","R","2-1-R-S"
"384","Lindera benzoin",4,"2-1-R","S","NA","R","2-1-R-S"
"385","Parthenocissus quinquefolia",4,"2-1-R","S","NA","R","2-1-R-S"
"386","Toxicodendron radicans",2,"2-1-R","S","NA","R","2-1-R-S"
"387","Rosa multiflora",19,"2-1-R","S","NA","R","2-1-R-S"
"388","Polystichum acrostichoides",13,"2-1-R","S","NA","R","2-1-R-S"
"389","Parthenocissus quinquefolia",5,"2-1-I","W","NA","I","2-1-I-W"
"390","Ligustrum vulgare",2,"2-1-I","W","NA","I","2-1-I-W"
"391","Alliaria petiolata",4,"2-1-I","W","NA","I","2-1-I-W"
"392","Boehmeria spp.",12,"2-1-I","W","NA","I","2-1-I-W"
"393","Lonicera spp.",1,"2-1-I","W","NA","I","2-1-I-W"
"394","Celastrus orbiculatus",9,"2-1-I","W","NA","I","2-1-I-W"
"395","Lindera benzoin",1,"2-1-I","W","NA","I","2-1-I-W"
"396","Rosa multiflora",7,"2-1-I","W","NA","I","2-1-I-W"
"397","Thelypteris noveboracensis",34,"2-1-I","W","NA","I","2-1-I-W"
"398","Dryopteris triploidea",15,"2-1-I","W","NA","I","2-1-I-W"
"399","Polystichum acrostichoides",18,"2-1-I","W","NA","I","2-1-I-W"
"400","Ligustrum vulgare",3,"2-1-I","SW","NA","I","2-1-I-SW"
"401","Celastrus orbiculatus",4,"2-1-I","SW","NA","I","2-1-I-SW"
"402","Podophyllum peltatum",2,"2-1-I","SW","NA","I","2-1-I-SW"
"403","Impatiens spp.",2,"2-1-I","SW","NA","I","2-1-I-SW"
"404","Boehmeria spp.",2,"2-1-I","SW","NA","I","2-1-I-SW"
"405","Polygonum spp.",2,"2-1-I","SW","NA","I","2-1-I-SW"
"406","Parthenocissus quinquefolia",8,"2-1-I","SW","NA","I","2-1-I-SW"
"407","Monocot",5,"2-1-I","SW","NA","I","2-1-I-SW"
"408","Lindera benzoin",1,"2-1-I","SW","NA","I","2-1-I-SW"
"409","Lindera benzoin",1,"2-1-I","SW","NA","I","2-1-I-SW"
"410","Rosa multiflora",20,"2-1-I","SW","NA","I","2-1-I-SW"
"411","Polystichum acrostichoides",45,"2-1-I","SW","NA","I","2-1-I-SW"
"412","Thelypteris noveboracensis",28,"2-1-I","SW","NA","I","2-1-I-SW"
"413","Dryopteris triploidea",15,"2-1-I","SW","NA","I","2-1-I-SW"
"414","Lindera benzoin",24,"2-1-C","Center","NA","C","2-1-C-Center"
"415","Ligustrum vulgare",16,"2-1-C","Center","NA","C","2-1-C-Center"
"416","Parthenocissus quinquefolia",8,"2-1-C","Center","NA","C","2-1-C-Center"
"417","Impatiens spp.",5,"2-1-C","Center","NA","C","2-1-C-Center"
"418","Rubus spp.",7,"2-1-C","Center","NA","C","2-1-C-Center"
"419","Boehmeria spp.",4,"2-1-C","Center","NA","C","2-1-C-Center"
"420","Toxicodendron radicans",2,"2-1-C","Center","NA","C","2-1-C-Center"
"421","Persicaria spp.",9,"2-1-C","Center","NA","C","2-1-C-Center"
"422","Polygonum spp.",5,"2-1-C","Center","NA","C","2-1-C-Center"
"423","Viola spp.",19,"2-1-C","Center","NA","C","2-1-C-Center"
"424","Alliaria petiolata",2,"2-1-C","Center","NA","C","2-1-C-Center"
"425","Oxalis spp.",4,"2-1-C","Center","NA","C","2-1-C-Center"
"426","Berberis thunbergii",4,"2-1-C","Center","NA","C","2-1-C-Center"
"427","Rosa multiflora",7,"2-1-C","Center","NA","C","2-1-C-Center"
"428","Acer rubrum",5,"2-1-C","Center","NA","C","2-1-C-Center"
"429","Vitis spp.",5,"2-1-C","Center","NA","C","2-1-C-Center"
"430","Ilex spp.",1,"2-1-C","Center","NA","C","2-1-C-Center"
"431","Dryopteris spp.",3,"2-1-C","Center","NA","C","2-1-C-Center"
"432","Microstegium vimineum",5,"2-1-C","Center","NA","C","2-1-C-Center"
"433","Acer rubrum",1,"2-1-C","Center","NA","C","2-1-C-Center"
"434","Microstegium vimineum",130,"2-1-C","SW","NA","C","2-1-C-SW"
"435","Berberis thunbergii",11,"2-1-C","SW","NA","C","2-1-C-SW"
"436","Rubus spp.",53,"2-1-C","SW","NA","C","2-1-C-SW"
"437","Lindera benzoin",10,"2-1-C","SW","NA","C","2-1-C-SW"
"438","Celastrus orbiculatus",7,"2-1-C","SW","NA","C","2-1-C-SW"
"439","Parthenocissus quinquefolia",6,"2-1-C","SW","NA","C","2-1-C-SW"
"440","Oxalis spp.",1,"2-1-C","SW","NA","C","2-1-C-SW"
"441","Boehmeria spp.",6,"2-1-C","SW","NA","C","2-1-C-SW"
"442","Polygonum spp.",6,"2-1-C","SW","NA","C","2-1-C-SW"
"443","Persicaria spp.",7,"2-1-C","SW","NA","C","2-1-C-SW"
"444","Acer rubrum",4,"2-1-C","SW","NA","C","2-1-C-SW"
"445","Rosa multiflora",6,"2-1-C","SW","NA","C","2-1-C-SW"
"446","Alliaria petiolata",2,"2-1-C","SW","NA","C","2-1-C-SW"
"447","Dryopteris triploidea",13,"2-1-I","Center","NA","I","2-1-I-Center"
"448","Lindera benzoin",1,"2-1-I","Center","NA","I","2-1-I-Center"
"449","Celastrus orbiculatus",1,"2-1-I","Center","NA","I","2-1-I-Center"
"450","Acer rubrum",1,"2-1-I","E","NA","I","2-1-I-E"
"451","Ligustrum vulgare",9,"2-1-I","E","NA","I","2-1-I-E"
"452","Impatiens spp.",1,"2-1-I","E","NA","I","2-1-I-E"
"453","Dryopteris triploidea",8,"2-1-I","E","NA","I","2-1-I-E"
"454","Rubus spp.",20,"2-1-R","Center","NA","R","2-1-R-Center"
"455","Ilex spp.",2,"2-1-R","Center","NA","R","2-1-R-Center"
"456","Crataegus spp.",1,"2-1-R","Center","NA","R","2-1-R-Center"
"457","Prunus serotina",1,"2-1-R","Center","NA","R","2-1-R-Center"
"458","Berberis thunbergii",44,"2-1-R","Center","NA","R","2-1-R-Center"
"459","Nyssa sylvatica",1,"2-1-R","Center","NA","R","2-1-R-Center"
"460","Toxicodendron radicans",2,"2-1-R","Center","NA","R","2-1-R-Center"
"461","Vitis spp.",5,"2-1-R","Center","NA","R","2-1-R-Center"
"462","Viburnum acerifolium",5,"2-1-R","Center","NA","R","2-1-R-Center"
"463","Parthenocissus quinquefolia",11,"2-1-R","Center","NA","R","2-1-R-Center"
"464","Lindera benzoin",2,"2-1-R","Center","NA","R","2-1-R-Center"
"465","Polygonum spp.",2,"2-1-R","Center","NA","R","2-1-R-Center"
"466","Rosa multiflora",3,"2-1-R","Center","NA","R","2-1-R-Center"
"467","Dryopteris intermedia",18,"2-1-R","Center","NA","R","2-1-R-Center"
"468","Dryopteris triploidea",21,"2-1-R","Center","NA","R","2-1-R-Center"
"469","Berberis thunbergii",11,"2-1-R","N","NA","R","2-1-R-N"
"470","Lindera benzoin",8,"2-1-R","N","NA","R","2-1-R-N"
"471","Parthenocissus quinquefolia",7,"2-1-R","N","NA","R","2-1-R-N"
"472","Polygonum spp.",3,"2-1-R","N","NA","R","2-1-R-N"
"473","Rubus spp.",5,"2-1-R","N","NA","R","2-1-R-N"
"474","Persicaria spp.",13,"2-1-R","N","NA","R","2-1-R-N"
"475","Impatiens spp.",1,"2-1-R","N","NA","R","2-1-R-N"
"476","Microstegium vimineum",17,"2-1-R","N","NA","R","2-1-R-N"
"477","Celastrus orbiculatus",1,"2-1-R","N","NA","R","2-1-R-N"
"478","Vitis spp.",4,"2-1-R","N","NA","R","2-1-R-N"
"479","Viburnum acerifolium",1,"2-1-R","N","NA","R","2-1-R-N"
"480","Rosa multiflora",11,"2-1-R","N","NA","R","2-1-R-N"
"481","Ligustrum vulgare",4,"2-1-R","N","NA","R","2-1-R-N"
"482","Dryopteris triploidea",75,"2-1-R","N","NA","R","2-1-R-N"
"483","Dryopteris intermedia",12,"2-1-R","N","NA","R","2-1-R-N"
"484","Berberis thunbergii",1,"2-6-C","Center","NA","C","2-6-C-Center"
"485","Dryopteris triploidea",8,"2-6-C","Center","NA","C","2-6-C-Center"
"486","Polystichum acrostichoides",7,"2-6-C","Center","NA","C","2-6-C-Center"
"487","Alliaria petiolata",1,"2-6-C","Center","NA","C","2-6-C-Center"
"488","Microstegium vimineum",2400,"2-6-C","Center","NA","C","2-6-C-Center"
"489","Berberis thunbergii",6,"2-6-C","N","NA","C","2-6-C-N"
"490","Boehmeria spp.",11,"2-6-C","N","NA","C","2-6-C-N"
"491","Dicot",1,"2-6-C","N","NA","C","2-6-C-N"
"492","Microstegium vimineum",2400,"2-6-C","N","NA","C","2-6-C-N"
"493","Parthenocissus quinquefolia",2,"2-6-I","Center","NA","I","2-6-I-Center"
"494","Celastrus orbiculatus",1,"2-6-I","Center","NA","I","2-6-I-Center"
"495","Dicot",3,"2-6-I","Center","NA","I","2-6-I-Center"
"496","Microstegium vimineum",62,"2-6-I","Center","NA","I","2-6-I-Center"
"497","Dicot",1,"2-6-I","Center","NA","I","2-6-I-Center"
"498","Impatiens spp.",1,"2-6-I","Center","NA","I","2-6-I-Center"
"499","Microstegium vimineum",600,"2-6-I","NW","NA","I","2-6-I-NW"
"500","Boehmeria spp.",16,"2-6-I","NW","NA","I","2-6-I-NW"
"501","Lindera benzoin",3,"2-6-I","NW","NA","I","2-6-I-NW"
"502","Microstegium vimineum",450,"2-6-R","N","NA","R","2-6-R-N"
"503","Berberis thunbergii",23,"2-6-R","N","NA","R","2-6-R-N"
"504","Oxalis spp.",2,"2-6-R","N","NA","R","2-6-R-N"
"505","Boehmeria spp.",3,"2-6-R","N","NA","R","2-6-R-N"
"506","Dryopteris intermedia",2,"2-6-R","N","NA","R","2-6-R-N"
"507","Lindera benzoin",3,"2-6-R","N","NA","R","2-6-R-N"
"508","Vitis spp.",4,"2-6-R","N","NA","R","2-6-R-N"
"509","Alliaria petiolata",3,"2-6-R","N","NA","R","2-6-R-N"
"510","Parthenocissus quinquefolia",2,"2-6-R","N","NA","R","2-6-R-N"
"511","Monocot",4,"2-6-R","N","NA","R","2-6-R-N"
"512","Lindera benzoin",1,"2-6-R","N","NA","R","2-6-R-N"
"513","Microstegium vimineum",450,"2-6-R","Center","NA","R","2-6-R-Center"
"514","Vitis spp.",3,"2-6-R","Center","NA","R","2-6-R-Center"
"515","Boehmeria spp.",4,"2-6-R","Center","NA","R","2-6-R-Center"
"516","Oxalis spp.",9,"2-6-R","Center","NA","R","2-6-R-Center"
"517","Cirsium spp.",1,"2-6-R","Center","NA","R","2-6-R-Center"
"518","Asteraceae",1,"2-6-R","Center","NA","R","2-6-R-Center"
"519","Parthenocissus quinquefolia",1,"2-6-R","Center","NA","R","2-6-R-Center"
"520","Viola spp.",1,"2-6-R","Center","NA","R","2-6-R-Center"
"521","Monocot",1,"2-6-R","Center","NA","R","2-6-R-Center"
"522","Dicot",3,"2-6-R","Center","NA","R","2-6-R-Center"
"523","Rosa multiflora",6,"2-6-R","Center","NA","R","2-6-R-Center"
"524","Berberis thunbergii",9,"2-6-R","Center","NA","R","2-6-R-Center"
"525","Liriodendron tulipifera",16,"2-5-C","Center","NA","C","2-5-C-Center"
"526","Vitis spp.",5,"2-5-C","Center","NA","C","2-5-C-Center"
"527","Boehmeria spp.",11,"2-5-C","Center","NA","C","2-5-C-Center"
"528","Microstegium vimineum",46,"2-5-C","Center","NA","C","2-5-C-Center"
"529","Monocot",10,"2-5-C","Center","NA","C","2-5-C-Center"
"530","Rubus spp.",1,"2-5-C","Center","NA","C","2-5-C-Center"
"531","Nyssa sylvatica",1,"2-5-C","Center","NA","C","2-5-C-Center"
"532","Rosa multiflora",1,"2-5-C","Center","NA","C","2-5-C-Center"
"533","Monocot",3,"2-5-C","Center","NA","C","2-5-C-Center"
"534","Parthenocissus quinquefolia",1,"2-5-C","Center","NA","C","2-5-C-Center"
"535","Viola spp.",1,"2-5-C","Center","NA","C","2-5-C-Center"
"536","Dicot",2,"2-5-C","Center","NA","C","2-5-C-Center"
"537","Microstegium vimineum",102,"2-5-C","S","NA","C","2-5-C-S"
"538","Acer rubrum",1,"2-5-C","S","NA","C","2-5-C-S"
"539","Boehmeria spp.",6,"2-5-C","S","NA","C","2-5-C-S"
"540","Liriodendron tulipifera",4,"2-5-C","S","NA","C","2-5-C-S"
"541","Rubus spp.",1,"2-5-C","S","NA","C","2-5-C-S"
"542","Lindera benzoin",3,"2-5-C","S","NA","C","2-5-C-S"
"543","Asteraceae",1,"2-5-C","S","NA","C","2-5-C-S"
"544","Berberis thunbergii",3,"2-5-C","S","NA","C","2-5-C-S"
"545","Vitis spp.",1,"2-5-C","S","NA","C","2-5-C-S"
"546","Dicot",1,"2-5-C","S","NA","C","2-5-C-S"
"547","Galium spp.",9,"2-5-I","Center","NA","I","2-5-I-Center"
"548","Parthenocissus quinquefolia",2,"2-5-I","Center","NA","I","2-5-I-Center"
"549","Lindera benzoin",6,"2-5-I","Center","NA","I","2-5-I-Center"
"550","Asteraceae",1,"2-5-I","Center","NA","I","2-5-I-Center"
"551","Microstegium vimineum",27,"2-5-I","Center","NA","I","2-5-I-Center"
"552","Dryopteris spp.",3,"2-5-I","Center","NA","I","2-5-I-Center"
"553","Rosa multiflora",1,"2-5-I","Center","NA","I","2-5-I-Center"
"554","Monocot",3,"2-5-I","NW","NA","I","2-5-I-NW"
"555","Rosa multiflora",1,"2-5-I","NW","NA","I","2-5-I-NW"
"556","Persicaria spp.",1,"2-5-I","NW","NA","I","2-5-I-NW"
"557","Prunus serotina",1,"2-5-I","NW","NA","I","2-5-I-NW"
"558","Lindera benzoin",11,"2-5-I","NW","NA","I","2-5-I-NW"
"559","Celastrus orbiculatus",1,"2-5-I","NW","NA","I","2-5-I-NW"
"560","Crataegus spp.",2,"2-5-I","NW","NA","I","2-5-I-NW"
"561","Microstegium vimineum",3,"2-5-I","NW","NA","I","2-5-I-NW"
"562","Berberis thunbergii",16,"2-5-R","Center","NA","R","2-5-R-Center"
"563","Liriodendron tulipifera",7,"2-5-R","Center","NA","R","2-5-R-Center"
"564","Lindera benzoin",9,"2-5-R","Center","NA","R","2-5-R-Center"
"565","Sassafras albidum",2,"2-5-R","Center","NA","R","2-5-R-Center"
"566","Viola spp.",8,"2-5-R","Center","NA","R","2-5-R-Center"
"567","Toxicodendron radicans",4,"2-5-R","Center","NA","R","2-5-R-Center"
"568","Parthenocissus quinquefolia",1,"2-5-R","Center","NA","R","2-5-R-Center"
"569","Dryopteris triploidea",3,"2-5-R","Center","NA","R","2-5-R-Center"
"570","Asteraceae",12,"2-5-R","Center","NA","R","2-5-R-Center"
"571","Berberis thunbergii",27,"2-5-R","S","NA","R","2-5-R-S"
"572","Sassafras albidum",3,"2-5-R","S","NA","R","2-5-R-S"
"573","Asteraceae",5,"2-5-R","S","NA","R","2-5-R-S"
"574","Liriodendron tulipifera",4,"2-5-R","S","NA","R","2-5-R-S"
"575","Microstegium vimineum",33,"2-5-R","S","NA","R","2-5-R-S"
"576","Lindera benzoin",2,"2-5-R","S","NA","R","2-5-R-S"
"577","Viola spp.",6,"2-5-R","S","NA","R","2-5-R-S"
"578","Rubus spp.",4,"2-5-R","S","NA","R","2-5-R-S"
"579","Rosa multiflora",2,"2-5-R","S","NA","R","2-5-R-S"
"580","Boehmeria spp.",1,"2-5-R","S","NA","R","2-5-R-S"
"581","Parthenocissus quinquefolia",1,"2-5-R","S","NA","R","2-5-R-S"
"582","Rosa multiflora",28,"2-4-C","Center","NA","C","2-4-C-Center"
"583","Parthenocissus quinquefolia",8,"2-4-C","Center","NA","C","2-4-C-Center"
"584","Rubus spp.",9,"2-4-C","Center","NA","C","2-4-C-Center"
"585","Toxicodendron radicans",28,"2-4-C","Center","NA","C","2-4-C-Center"
"586","Quercus spp.",2,"2-4-C","Center","NA","C","2-4-C-Center"
"587","Carya spp.",5,"2-4-C","Center","NA","C","2-4-C-Center"
"588","Maianthemum spp.",1,"2-4-C","Center","NA","C","2-4-C-Center"
"589","Ilex spp.",3,"2-4-C","Center","NA","C","2-4-C-Center"
"590","Crataegus spp.",6,"2-4-C","Center","NA","C","2-4-C-Center"
"591","Ligustrum vulgare",3,"2-4-C","Center","NA","C","2-4-C-Center"
"592","Acer rubrum",18,"2-4-C","Center","NA","C","2-4-C-Center"
"593","Vitis spp.",1,"2-4-C","Center","NA","C","2-4-C-Center"
"594","Alnus spp.",5,"2-4-C","Center","NA","C","2-4-C-Center"
"595","Lindera benzoin",2,"2-4-C","Center","NA","C","2-4-C-Center"
"596","Nyssa sylvatica",5,"2-4-C","Center","NA","C","2-4-C-Center"
"597","Monocot",18,"2-4-C","Center","NA","C","2-4-C-Center"
"598","Monocot",6,"2-4-C","Center","NA","C","2-4-C-Center"
"599","Dicot",3,"2-4-C","Center","NA","C","2-4-C-Center"
"600","Dicot",1,"2-4-C","Center","NA","C","2-4-C-Center"
"601","Ligustrum vulgare",7,"2-4-C","N","NA","C","2-4-C-N"
"602","Lindera benzoin",6,"2-4-C","N","NA","C","2-4-C-N"
"603","Rosa multiflora",13,"2-4-C","N","NA","C","2-4-C-N"
"604","Berberis thunbergii",1,"2-4-C","N","NA","C","2-4-C-N"
"605","Parthenocissus quinquefolia",15,"2-4-C","N","NA","C","2-4-C-N"
"606","Toxicodendron radicans",20,"2-4-C","N","NA","C","2-4-C-N"
"607","Prunus serotina",26,"2-4-C","N","NA","C","2-4-C-N"
"608","Crataegus spp.",8,"2-4-C","N","NA","C","2-4-C-N"
"609","Carya spp.",2,"2-4-C","N","NA","C","2-4-C-N"
"610","Lonicera spp.",5,"2-4-C","N","NA","C","2-4-C-N"
"611","Dicot",5,"2-4-C","N","NA","C","2-4-C-N"
"612","Vitis spp.",6,"2-4-C","N","NA","C","2-4-C-N"
"613","Nyssa sylvatica",5,"2-4-C","N","NA","C","2-4-C-N"
"614","Acer rubrum",3,"2-4-C","N","NA","C","2-4-C-N"
"615","Rubus spp.",1,"2-4-C","N","NA","C","2-4-C-N"
"616","Ilex spp.",3,"2-4-C","N","NA","C","2-4-C-N"
"617","Quercus spp.",2,"2-4-C","N","NA","C","2-4-C-N"
"618","Fraxinus spp.",1,"2-4-C","N","NA","C","2-4-C-N"
"619","Ligustrum vulgare",9,"2-4-I","Center","NA","I","2-4-I-Center"
"620","Rubus spp.",5,"2-4-I","Center","NA","I","2-4-I-Center"
"621","Celastrus orbiculatus",4,"2-4-I","Center","NA","I","2-4-I-Center"
"622","Lindera benzoin",1,"2-4-I","Center","NA","I","2-4-I-Center"
"623","Monocot",1,"2-4-I","Center","NA","I","2-4-I-Center"
"624","Parthenocissus quinquefolia",5,"2-4-I","Center","NA","I","2-4-I-Center"
"625","Monocot",1,"2-4-I","Center","NA","I","2-4-I-Center"
"626","Polygonum spp.",1,"2-4-I","Center","NA","I","2-4-I-Center"
"627","Lindera benzoin",4,"2-4-I","Center","NA","I","2-4-I-Center"
"628","Lonicera spp.",4,"2-4-I","Center","NA","I","2-4-I-Center"
"629","Ranunculus spp.",1,"2-4-I","Center","NA","I","2-4-I-Center"
"630","Dryopteris triploidea",18,"2-4-I","Center","NA","I","2-4-I-Center"
"631","Prunus serotina",2,"2-4-I","Center","NA","I","2-4-I-Center"
"632","Oxalis spp.",1,"2-4-I","Center","NA","I","2-4-I-Center"
"633","Acer rubrum",1,"2-4-I","Center","NA","I","2-4-I-Center"
"634","Viola spp.",2,"2-4-I","Center","NA","I","2-4-I-Center"
"635","Boehmeria spp.",1,"2-4-I","S","NA","I","2-4-I-S"
"636","Polygonum spp.",1,"2-4-I","S","NA","I","2-4-I-S"
"637","Ligustrum vulgare",12,"2-4-I","S","NA","I","2-4-I-S"
"638","Dryopteris triploidea",5,"2-4-I","S","NA","I","2-4-I-S"
"639","Celastrus orbiculatus",4,"2-4-I","S","NA","I","2-4-I-S"
"640","Toxicodendron radicans",5,"2-4-I","S","NA","I","2-4-I-S"
"641","Viola spp.",2,"2-4-I","S","NA","I","2-4-I-S"
"642","Rubus spp.",1,"2-4-I","S","NA","I","2-4-I-S"
"643","Parthenocissus quinquefolia",3,"2-4-I","S","NA","I","2-4-I-S"
"644","Impatiens spp.",4,"2-4-I","S","NA","I","2-4-I-S"
"645","Ligustrum vulgare",27,"2-4-R","Center","NA","R","2-4-R-Center"
"646","Rosa multiflora",8,"2-4-R","Center","NA","R","2-4-R-Center"
"647","Alliaria petiolata",11,"2-4-R","Center","NA","R","2-4-R-Center"
"648","Boehmeria spp.",4,"2-4-R","Center","NA","R","2-4-R-Center"
"649","Polygonum spp.",8,"2-4-R","Center","NA","R","2-4-R-Center"
"650","Celastrus orbiculatus",13,"2-4-R","Center","NA","R","2-4-R-Center"
"651","Monocot",1,"2-4-R","Center","NA","R","2-4-R-Center"
"652","Viburnum acerifolium",4,"2-4-R","Center","NA","R","2-4-R-Center"
"653","Oxalis spp.",3,"2-4-R","Center","NA","R","2-4-R-Center"
"654","Galium spp.",4,"2-4-R","Center","NA","R","2-4-R-Center"
"655","Symplocarpus foetidus",3,"2-4-R","Center","NA","R","2-4-R-Center"
"656","Cardamine hirsuta",1,"2-4-R","Center","NA","R","2-4-R-Center"
"657","Dryopteris spp.",2,"2-4-R","Center","NA","R","2-4-R-Center"
"658","Monocot",4,"2-4-R","Center","NA","R","2-4-R-Center"
"659","Carya spp.",1,"2-4-R","Center","NA","R","2-4-R-Center"
"660","Oxalis spp.",27,"2-4-R","E","NA","R","2-4-R-E"
"661","Parthenocissus quinquefolia",3,"2-4-R","E","NA","R","2-4-R-E"
"662","Boehmeria spp.",7,"2-4-R","E","NA","R","2-4-R-E"
"663","Ligustrum vulgare",7,"2-4-R","E","NA","R","2-4-R-E"
"664","Cardamine hirsuta",3,"2-4-R","E","NA","R","2-4-R-E"
"665","Mitchella repens",5,"2-4-R","E","NA","R","2-4-R-E"
"666","Monocot",1,"2-4-R","E","NA","R","2-4-R-E"
"667","Asteraceae",1,"2-4-R","E","NA","R","2-4-R-E"
"668","Celastrus orbiculatus",2,"2-4-R","E","NA","R","2-4-R-E"
"669","Lindera benzoin",2,"2-4-R","E","NA","R","2-4-R-E"
"670","Carya spp.",3,"2-4-R","E","NA","R","2-4-R-E"
"671","Alliaria petiolata",4,"2-4-R","E","NA","R","2-4-R-E"
"672","Polygonum spp.",2,"2-4-R","E","NA","R","2-4-R-E"
"673","Boehmeria spp.",3,"2-4-R","E","NA","R","2-4-R-E"
"674","Rosa multiflora",4,"2-2-I","Center","NA","I","2-2-I-Center"
"675","Crataegus spp.",5,"2-2-I","Center","NA","I","2-2-I-Center"
"676","Viola spp.",3,"2-2-I","Center","NA","I","2-2-I-Center"
"677","Rubus spp.",1,"2-2-I","Center","NA","I","2-2-I-Center"
"678","Celastrus orbiculatus",3,"2-2-I","Center","NA","I","2-2-I-Center"
"679","Toxicodendron radicans",3,"2-2-I","Center","NA","I","2-2-I-Center"
"680","Parthenocissus quinquefolia",5,"2-2-I","Center","NA","I","2-2-I-Center"
"681","Polystichum acrostichoides",4,"2-2-I","Center","NA","I","2-2-I-Center"
"682","Acer rubrum",1,"2-2-I","Center","NA","I","2-2-I-Center"
"683","Lindera benzoin",1,"2-2-I","Center","NA","I","2-2-I-Center"
"684","Crataegus spp.",5,"2-2-I","NW","NA","I","2-2-I-NW"
"685","Ligustrum vulgare",2,"2-2-I","NW","NA","I","2-2-I-NW"
"686","Dryopteris triploidea",14,"2-2-I","NW","NA","I","2-2-I-NW"
"687","Vaccinium spp.",2,"2-2-I","NW","NA","I","2-2-I-NW"
"688","Celastrus orbiculatus",3,"2-2-I","NW","NA","I","2-2-I-NW"
"689","Parthenocissus quinquefolia",2,"2-2-I","NW","NA","I","2-2-I-NW"
"690","Viburnum acerifolium",1,"2-2-I","NW","NA","I","2-2-I-NW"
"691","Epilobium spp.",1,"2-2-I","NW","NA","I","2-2-I-NW"
"692","Berberis thunbergii",17,"2-2-R","Center","NA","R","2-2-R-Center"
"693","Boehmeria spp.",6,"2-2-R","Center","NA","R","2-2-R-Center"
"694","Celastrus orbiculatus",21,"2-2-R","Center","NA","R","2-2-R-Center"
"695","Viola spp.",16,"2-2-R","Center","NA","R","2-2-R-Center"
"696","Ligustrum vulgare",12,"2-2-R","Center","NA","R","2-2-R-Center"
"697","Parthenocissus quinquefolia",8,"2-2-R","Center","NA","R","2-2-R-Center"
"698","Monocot",5,"2-2-R","Center","NA","R","2-2-R-Center"
"699","Rosa multiflora",16,"2-2-R","Center","NA","R","2-2-R-Center"
"700","Galium spp.",12,"2-2-R","Center","NA","R","2-2-R-Center"
"701","Vitis spp.",2,"2-2-R","Center","NA","R","2-2-R-Center"
"702","Plantago spp.",2,"2-2-R","Center","NA","R","2-2-R-Center"
"703","Monocot",3,"2-2-R","Center","NA","R","2-2-R-Center"
"704","Dryopteris triploidea",9,"2-2-R","Center","NA","R","2-2-R-Center"
"705","Thelypteris noveboracensis",70,"2-2-R","Center","NA","R","2-2-R-Center"
"706","Onoclea sensibilis",2,"2-2-R","Center","NA","R","2-2-R-Center"
"707","Polygonum spp.",2,"2-2-R","Center","NA","R","2-2-R-Center"
"708","Prunus serotina",2,"2-2-R","Center","NA","R","2-2-R-Center"
"709","Elaeagnus umbellata",1,"2-2-R","Center","NA","R","2-2-R-Center"
"710","Berberis thunbergii",36,"2-2-R","N","NA","R","2-2-R-N"
"711","Rosa multiflora",18,"2-2-R","N","NA","R","2-2-R-N"
"712","Celastrus orbiculatus",24,"2-2-R","N","NA","R","2-2-R-N"
"713","Parthenocissus quinquefolia",11,"2-2-R","N","NA","R","2-2-R-N"
"714","Vitis spp.",5,"2-2-R","N","NA","R","2-2-R-N"
"715","Boehmeria spp.",4,"2-2-R","N","NA","R","2-2-R-N"
"716","Impatiens spp.",7,"2-2-R","N","NA","R","2-2-R-N"
"717","Oxalis spp.",14,"2-2-R","N","NA","R","2-2-R-N"
"718","Ligustrum vulgare",5,"2-2-R","N","NA","R","2-2-R-N"
"719","Polygonum spp.",2,"2-2-R","N","NA","R","2-2-R-N"
"720","Monocot",3,"2-2-R","N","NA","R","2-2-R-N"
"721","Viola spp.",4,"2-2-R","N","NA","R","2-2-R-N"
"722","Alliaria petiolata",2,"2-2-R","N","NA","R","2-2-R-N"
"723","Galium spp.",21,"2-2-R","N","NA","R","2-2-R-N"
"724","Elaeagnus umbellata",1,"2-2-R","N","NA","R","2-2-R-N"
"725","Epilobium spp.",2,"2-2-R","N","NA","R","2-2-R-N"
"726","Vaccinium spp.",2,"2-2-R","N","NA","R","2-2-R-N"
"727","Polystichum acrostichoides",17,"2-2-R","N","NA","R","2-2-R-N"
"728","Thelypteris noveboracensis",16,"2-2-R","N","NA","R","2-2-R-N"
"729","Polygonum spp.",56,"2-2-C","Center","NA","C","2-2-C-Center"
"730","Lamium purpureum",1,"2-2-C","Center","NA","C","2-2-C-Center"
"731","Rubus spp.",8,"2-2-C","Center","NA","C","2-2-C-Center"
"732","Boehmeria spp.",77,"2-2-C","Center","NA","C","2-2-C-Center"
"733","Persicaria spp.",7,"2-2-C","Center","NA","C","2-2-C-Center"
"734","Vitis spp.",2,"2-2-C","Center","NA","C","2-2-C-Center"
"735","Berberis thunbergii",35,"2-2-C","Center","NA","C","2-2-C-Center"
"736","Viola spp.",6,"2-2-C","Center","NA","C","2-2-C-Center"
"737","Celastrus orbiculatus",7,"2-2-C","Center","NA","C","2-2-C-Center"
"738","Lindera benzoin",8,"2-2-C","Center","NA","C","2-2-C-Center"
"739","Monocot",3,"2-2-C","Center","NA","C","2-2-C-Center"
"740","Rosa multiflora",18,"2-2-C","Center","NA","C","2-2-C-Center"
"741","Parthenocissus quinquefolia",4,"2-2-C","Center","NA","C","2-2-C-Center"
"742","Galium spp.",8,"2-2-C","Center","NA","C","2-2-C-Center"
"743","Oxalis spp.",2,"2-2-C","Center","NA","C","2-2-C-Center"
"744","Monocot",2,"2-2-C","Center","NA","C","2-2-C-Center"
"745","Berberis thunbergii",21,"2-2-C","S","NA","C","2-2-C-S"
"746","Toxicodendron radicans",3,"2-2-C","S","NA","C","2-2-C-S"
"747","Vitis spp.",4,"2-2-C","S","NA","C","2-2-C-S"
"748","Boehmeria spp.",35,"2-2-C","S","NA","C","2-2-C-S"
"749","Celastrus orbiculatus",8,"2-2-C","S","NA","C","2-2-C-S"
"750","Lindera benzoin",9,"2-2-C","S","NA","C","2-2-C-S"
"751","Polygonum spp.",11,"2-2-C","S","NA","C","2-2-C-S"
"752","Impatiens spp.",7,"2-2-C","S","NA","C","2-2-C-S"
"753","Persicaria spp.",4,"2-2-C","S","NA","C","2-2-C-S"
"754","Parthenocissus quinquefolia",7,"2-2-C","S","NA","C","2-2-C-S"
"755","Epilobium spp.",2,"2-2-C","S","NA","C","2-2-C-S"
"756","Ligustrum vulgare",4,"2-2-C","S","NA","C","2-2-C-S"
"757","Galium spp.",6,"2-2-C","S","NA","C","2-2-C-S"
"758","Monocot",5,"2-2-C","S","NA","C","2-2-C-S"
"759","Viola spp.",5,"2-2-C","S","NA","C","2-2-C-S"
"760","Elaeagnus umbellata",4,"2-2-C","S","NA","C","2-2-C-S"
"761","Carya spp.",1,"2-2-C","S","NA","C","2-2-C-S"
"762","Ranunculus spp.",2,"2-2-C","S","NA","C","2-2-C-S"
"763","Epilobium spp.",1,"2-2-C","S","NA","C","2-2-C-S"
"764","Rosa multiflora",6,"2-2-C","S","NA","C","2-2-C-S"
"765","Polystichum acrostichoides",10,"2-2-C","S","NA","C","2-2-C-S"
"766","Rubus spp.",1,"2-2-C","S","NA","C","2-2-C-S"
