Spp,Count,Plot,Direction,Fire.affected,Type,true.plot
Impatiens spp.,55,1-2-I,E,x,I,1-2-I-E
Rubus spp.,8,1-2-I,E,x,I,1-2-I-E
Boehmeria spp.,25,1-2-I,E,x,I,1-2-I-E
Polygonum spp.,4,1-2-I,E,x,I,1-2-I-E
Persicaria spp.,6,1-2-I,E,x,I,1-2-I-E
Monocot,7,1-2-I,E,x,I,1-2-I-E
Berberis thunbergii,2,1-2-I,E,x,I,1-2-I-E
Oxalis spp.,4,1-2-I,E,x,I,1-2-I-E
Oxalis spp.,2,1-2-I,E,x,I,1-2-I-E
Acer rubrum,6,1-2-I,E,x,I,1-2-I-E
Vitis spp.,1,1-2-I,E,x,I,1-2-I-E
Galium spp.,34,1-2-I,E,x,I,1-2-I-E
Celastrus orbiculatus,1,1-2-I,E,x,I,1-2-I-E
Parthenocissus quinquefolia,2,1-2-I,E,x,I,1-2-I-E
Ligustrum vulgare,1,1-2-I,E,x,I,1-2-I-E
Lindera benzoin,1,1-2-I,E,x,I,1-2-I-E
Rosa multiflora,3,1-2-I,E,x,I,1-2-I-E
Berberis thunbergii,28,1-2-I,N,x,I,1-2-I-N
Rubus spp.,5,1-2-I,N,x,I,1-2-I-N
Ligustrum vulgare,5,1-2-I,N,x,I,1-2-I-N
Boehmeria spp.,8,1-2-I,N,x,I,1-2-I-N
Parthenocissus quinquefolia,15,1-2-I,N,x,I,1-2-I-N
Alliaria petiolata,1,1-2-I,N,x,I,1-2-I-N
Impatiens spp.,4,1-2-I,N,x,I,1-2-I-N
Viola spp.,2,1-2-I,N,x,I,1-2-I-N
Monocot,1,1-2-I,N,x,I,1-2-I-N
Monocot,1,1-2-I,N,x,I,1-2-I-N
Monocot,3,1-2-I,N,x,I,1-2-I-N
Celastrus orbiculatus,3,1-2-I,N,x,I,1-2-I-N
Persicaria spp.,4,1-2-I,N,x,I,1-2-I-N
Cryptotaenia canadensis,1,1-2-I,N,x,I,1-2-I-N
Circaea lutetiana,2,1-2-I,N,x,I,1-2-I-N
Rosa multiflora,8,1-2-I,N,x,I,1-2-I-N
Rubus spp.,2,1-2-R,NE,NA,R,1-2-R-NE
Boehmeria spp.,13,1-2-R,NE,NA,R,1-2-R-NE
Plantago spp.,1,1-2-R,NE,NA,R,1-2-R-NE
Monocot,2,1-2-R,NE,NA,R,1-2-R-NE
Monocot,11,1-2-R,NE,NA,R,1-2-R-NE
Monocot,4,1-2-R,NE,NA,R,1-2-R-NE
Persicaria spp.,6,1-2-R,NE,NA,R,1-2-R-NE
Microstegium vimineum,1,1-2-R,NE,NA,R,1-2-R-NE
Monocot,2,1-2-R,NE,NA,R,1-2-R-NE
Viola spp.,4,1-2-R,NE,NA,R,1-2-R-NE
Oxalis spp.,3,1-2-R,NE,NA,R,1-2-R-NE
Galium spp.,30,1-2-R,NE,NA,R,1-2-R-NE
Parthenocissus quinquefolia,4,1-2-R,NE,NA,R,1-2-R-NE
Impatiens spp.,2,1-2-R,NE,NA,R,1-2-R-NE
Berberis thunbergii,3,1-2-R,NE,NA,R,1-2-R-NE
Dicot,1,1-2-R,NE,NA,R,1-2-R-NE
Celastrus orbiculatus,1,1-2-R,NE,NA,R,1-2-R-NE
Symplocarpus foetidus,1,1-2-R,NE,NA,R,1-2-R-NE
Alliaria petiolata,3,1-2-R,NE,NA,R,1-2-R-NE
Polygonum spp.,3,1-2-R,NE,NA,R,1-2-R-NE
Rosa multiflora,9,1-2-R,NE,NA,R,1-2-R-NE
Monocot,2,1-2-R,NE,NA,R,1-2-R-NE
Ligustrum vulgare,45,1-2-R,SW,NA,R,1-2-R-SW
Impatiens spp.,5,1-2-R,SW,NA,R,1-2-R-SW
Viola spp.,2,1-2-R,SW,NA,R,1-2-R-SW
Monocot,4,1-2-R,SW,NA,R,1-2-R-SW
Berberis thunbergii,10,1-2-R,SW,NA,R,1-2-R-SW
Boehmeria spp.,2,1-2-R,SW,NA,R,1-2-R-SW
Rosa multiflora,12,1-2-R,SW,NA,R,1-2-R-SW
Lindera benzoin,2,1-3-C,W,NA,C,1-3-C-W
Rosa multiflora,3,1-3-C,W,NA,C,1-3-C-W
Sassafras albidum,1,1-3-C,W,NA,C,1-3-C-W
Monocot,10,1-3-C,W,NA,C,1-3-C-W
Alnus spp.,1,1-3-C,W,NA,C,1-3-C-W
Polygonum spp.,2,1-3-C,W,NA,C,1-3-C-W
Viola spp.,3,1-3-C,W,NA,C,1-3-C-W
Berberis thunbergii,1,1-3-C,W,NA,C,1-3-C-W
Polygonum spp.,10,1-3-C,SE,NA,C,1-3-C-SE
Lindera benzoin,3,1-3-C,SE,NA,C,1-3-C-SE
Dicot,1,1-3-C,SE,NA,C,1-3-C-SE
Viola spp.,6,1-3-C,SE,NA,C,1-3-C-SE
Dicot,1,1-3-C,SE,NA,C,1-3-C-SE
Ligustrum vulgare,2,1-3-C,SE,NA,C,1-3-C-SE
Berberis thunbergii,5,1-3-C,SE,NA,C,1-3-C-SE
Dicot,1,1-3-C,SE,NA,C,1-3-C-SE
Rosa multiflora,5,1-3-C,SE,NA,C,1-3-C-SE
Parthenocissus quinquefolia,2,1-3-C,SE,NA,C,1-3-C-SE
Boehmeria spp.,1,1-3-C,SE,NA,C,1-3-C-SE
Ligustrum vulgare,11,1-2-C,N,NA,C,1-2-C-N
Lindera benzoin,4,1-2-C,N,NA,C,1-2-C-N
Berberis thunbergii,7,1-2-C,N,NA,C,1-2-C-N
Parthenocissus quinquefolia,7,1-2-C,N,NA,C,1-2-C-N
Celastrus orbiculatus,7,1-2-C,N,NA,C,1-2-C-N
Polygonum spp.,4,1-2-C,N,NA,C,1-2-C-N
Impatiens spp.,10,1-2-C,N,NA,C,1-2-C-N
Rosa multiflora,1,1-2-C,N,NA,C,1-2-C-N
Berberis thunbergii,4,1-2-C,S,NA,C,1-2-C-S
Persicaria spp.,14,1-2-C,S,NA,C,1-2-C-S
Polygonum spp.,4,1-2-C,S,NA,C,1-2-C-S
Viola spp.,8,1-2-C,S,NA,C,1-2-C-S
Parthenocissus quinquefolia,5,1-2-C,S,NA,C,1-2-C-S
Lindera benzoin,4,1-2-C,S,NA,C,1-2-C-S
Ligustrum vulgare,6,1-2-C,S,NA,C,1-2-C-S
Ranunculus spp.,28,1-2-C,S,NA,C,1-2-C-S
Impatiens spp.,12,1-2-C,S,NA,C,1-2-C-S
Alliaria petiolata,6,1-2-C,S,NA,C,1-2-C-S
Boehmeria spp.,11,1-2-C,S,NA,C,1-2-C-S
Monocot,1,1-2-C,S,NA,C,1-2-C-S
Oxalis spp.,2,1-2-C,S,NA,C,1-2-C-S
Thelypteris noveboracensis,65,1-2-C,N,NA,C,1-2-C-N
Thelypteris noveboracensis,31,1-2-C,S,NA,C,1-2-C-S
Dryopteris x triploidea,15,1-2-C,N,NA,C,1-2-C-N
Dryopteris intermedia,5,1-2-C,N,NA,C,1-2-C-N
Dryopteris intermedia,10,1-2-C,S,NA,C,1-2-C-S
Dennstaedtia punctilobula,1,1-2-C,N,NA,C,1-2-C-N
Boehmeria spp.,4,1-3-I,SW,x,I,1-3-I-SW
Sassafras albidum,11,1-3-I,SW,x,I,1-3-I-SW
Persicaria spp.,6,1-3-I,SW,x,I,1-3-I-SW
Berberis thunbergii,36,1-3-I,SW,x,I,1-3-I-SW
Alliaria petiolata,3,1-3-I,SW,x,I,1-3-I-SW
Viola spp.,5,1-3-I,SW,x,I,1-3-I-SW
Monocot,1,1-3-I,SW,x,I,1-3-I-SW
Mitchella repens,6,1-3-I,SW,x,I,1-3-I-SW
Vitis spp.,1,1-3-I,SW,x,I,1-3-I-SW
Oxalis spp.,2,1-3-I,SW,x,I,1-3-I-SW
Lindera benzoin,3,1-3-I,SW,x,I,1-3-I-SW
Lonicera spp.,5,1-3-I,SW,x,I,1-3-I-SW
Rosa multiflora,2,1-3-I,SW,x,I,1-3-I-SW
Toxicodendron radicans,1,1-3-I,SW,x,I,1-3-I-SW
Polystichum acrostichoides,34,1-3-I,SW,x,I,1-3-I-SW
Galium spp.,8,1-3-I,W,x,I,1-3-I-W
Parthenocissus quinquefolia,9,1-3-I,W,x,I,1-3-I-W
Polygonum spp.,4,1-3-I,W,x,I,1-3-I-W
Ligustrum vulgare,8,1-3-I,W,x,I,1-3-I-W
Celastrus orbiculatus,4,1-3-I,W,x,I,1-3-I-W
Boehmeria spp.,4,1-3-I,W,x,I,1-3-I-W
Dicot,1,1-3-I,W,x,I,1-3-I-W
Dicot,2,1-3-I,W,x,I,1-3-I-W
Sassafras albidum,1,1-3-I,W,x,I,1-3-I-W
Vitis spp.,1,1-3-I,W,x,I,1-3-I-W
Alliaria petiolata,10,1-3-I,W,x,I,1-3-I-W
Impatiens spp.,2,1-3-I,W,x,I,1-3-I-W
Rubus spp.,1,1-3-I,W,x,I,1-3-I-W
Berberis thunbergii,11,1-3-I,W,x,I,1-3-I-W
Lindera benzoin,2,1-3-I,W,x,I,1-3-I-W
Rosa multiflora,4,1-3-I,W,x,I,1-3-I-W
Polystichum acrostichoides,166,1-3-I,W,x,I,1-3-I-W
Alliaria petiolata,13,1-3-R,S,NA,R,1-3-R-S
Persicaria spp.,55,1-3-R,S,NA,R,1-3-R-S
Berberis thunbergii,55,1-3-R,S,NA,R,1-3-R-S
Polygonum spp.,3,1-3-R,S,NA,R,1-3-R-S
Ligustrum vulgare,3,1-3-R,S,NA,R,1-3-R-S
Rosa multiflora,2,1-3-R,S,NA,R,1-3-R-S
Boehmeria spp.,2,1-3-R,S,NA,R,1-3-R-S
Impatiens spp.,2,1-3-R,S,NA,R,1-3-R-S
Viola spp.,7,1-3-R,S,NA,R,1-3-R-S
Oxalis spp.,2,1-3-R,S,NA,R,1-3-R-S
Phytolacca decandra,6,1-3-R,S,NA,R,1-3-R-S
Vitis spp.,2,1-3-R,S,NA,R,1-3-R-S
Oxalis spp.,1,1-3-R,S,NA,R,1-3-R-S
Persicaria spp.,9,1-3-R,NE,NA,R,1-3-R-NE
Berberis thunbergii,32,1-3-R,NE,NA,R,1-3-R-NE
Impatiens spp.,1,1-3-R,NE,NA,R,1-3-R-NE
Viola spp.,5,1-3-R,NE,NA,R,1-3-R-NE
Phytolacca decandra,17,1-3-R,NE,NA,R,1-3-R-NE
Polygonum spp.,3,1-3-R,NE,NA,R,1-3-R-NE
Rubus spp.,4,1-3-R,NE,NA,R,1-3-R-NE
Boehmeria spp.,1,1-3-R,NE,NA,R,1-3-R-NE
Vitis spp.,3,1-3-R,NE,NA,R,1-3-R-NE
Alliaria petiolata,19,1-3-R,NE,NA,R,1-3-R-NE
Lindera benzoin,1,1-3-R,NE,NA,R,1-3-R-NE
Rosa multiflora,6,1-3-R,NE,NA,R,1-3-R-NE
Ligustrum vulgare,3,1-3-R,NE,NA,R,1-3-R-NE
Oxalis spp.,1,1-3-R,NE,NA,R,1-3-R-NE
Polystichum acrostichoides,95,1-3-R,NE,NA,R,1-3-R-NE
Dryopteris intermedia,7,1-3-R,NE,NA,R,1-3-R-NE
Monotropa uniflora,1,1-3-R,NE,NA,R,1-3-R-NE
Thelypteris noveboracensis,60,1-3-C,SE,NA,C,1-3-C-SE
Thelypteris noveboracensis,230,1-3-C,W,NA,C,1-3-C-W
Rubus spp.,4,1-1-C,S,NA,C,1-1-C-S
Impatiens spp.,1,1-1-C,S,NA,C,1-1-C-S
Lindera benzoin,3,1-1-C,S,NA,C,1-1-C-S
Prunus serotina,1,1-1-C,S,NA,C,1-1-C-S
Thelypteris noveboracensis,250,1-1-C,S,NA,C,1-1-C-S
Lindera benzoin,18,1-1-C,NE,NA,C,1-1-C-NE
Boehmeria spp.,13,1-1-C,NE,NA,C,1-1-C-NE
Ligustrum vulgare,11,1-1-C,NE,NA,C,1-1-C-NE
Celastrus orbiculatus,5,1-1-C,NE,NA,C,1-1-C-NE
Parthenocissus quinquefolia,9,1-1-C,NE,NA,C,1-1-C-NE
Impatiens spp.,16,1-1-C,NE,NA,C,1-1-C-NE
Persicaria spp.,7,1-1-C,NE,NA,C,1-1-C-NE
Viola spp.,24,1-1-C,NE,NA,C,1-1-C-NE
Berberis thunbergii,13,1-1-C,NE,NA,C,1-1-C-NE
Circaea lutetiana,8,1-1-C,NE,NA,C,1-1-C-NE
Rubus spp.,2,1-1-C,NE,NA,C,1-1-C-NE
Monocot,4,1-1-C,NE,NA,C,1-1-C-NE
Maianthemum spp.,1,1-1-C,NE,NA,C,1-1-C-NE
Vitis spp.,1,1-1-C,NE,NA,C,1-1-C-NE
Acer rubrum,2,1-1-C,NE,NA,C,1-1-C-NE
Rosa multiflora,3,1-1-C,NE,NA,C,1-1-C-NE
Monocot,1,1-1-C,NE,NA,C,1-1-C-NE
Thelypteris noveboracensis,50,1-1-C,NE,NA,C,1-1-C-NE
Thelypteris noveboracensis,41,1-2-I,E,x,I,1-2-I-E
Dryopteris x triploidea,32,1-2-I,N,x,I,1-2-I-N
Dryopteris carthusiana,5,1-2-I,N,x,I,1-2-I-N
Thelypteris noveboracensis,22,1-2-I,N,x,I,1-2-I-N
Thelypteris noveboracensis,96,1-2-R,NE,NA,R,1-2-R-NE
Dennstaedtia punctilobula,5,1-2-R,NE,NA,R,1-2-R-NE
Thelypteris noveboracensis,7,1-2-R,NE,NA,R,1-2-R-NE
Dryopteris x triploidea,17,1-2-R,SW,NA,R,1-2-R-SW
Dryopteris carthusiana,8,1-2-R,SW,NA,R,1-2-R-SW
Thelypteris noveboracensis,23,1-2-R,SW,NA,R,1-2-R-SW
Lindera benzoin,9,1-1-I,W,x,I,1-1-I-W
Parthenocissus quinquefolia,18,1-1-I,W,x,I,1-1-I-W
Berberis thunbergii,24,1-1-I,W,x,I,1-1-I-W
Rubus spp.,10,1-1-I,W,x,I,1-1-I-W
Persicaria spp.,12,1-1-I,W,x,I,1-1-I-W
Alliaria petiolata,3,1-1-I,W,x,I,1-1-I-W
Acer rubrum,3,1-1-I,W,x,I,1-1-I-W
Prenanthes spp.,11,1-1-I,W,x,I,1-1-I-W
Rosa multiflora,18,1-1-I,W,x,I,1-1-I-W
Onoclea sensibilis,7,1-1-I,W,x,I,1-1-I-W
Viola spp.,6,1-1-I,W,x,I,1-1-I-W
Dryopteris spp.,19,1-1-I,W,x,I,1-1-I-W
Symplocarpus foetidus,1,1-1-I,E,x,I,1-1-I-E
Parthenocissus quinquefolia,13,1-1-I,E,x,I,1-1-I-E
Ranunculus spp.,9,1-1-I,E,x,I,1-1-I-E
Rubus spp.,6,1-1-I,E,x,I,1-1-I-E
Vitis spp.,10,1-1-I,E,x,I,1-1-I-E
Monocot,2,1-1-I,E,x,I,1-1-I-E
Lindera benzoin,2,1-1-I,E,x,I,1-1-I-E
Lindera benzoin,5,1-1-I,E,x,I,1-1-I-E
Persicaria spp.,13,1-1-I,E,x,I,1-1-I-E
Berberis thunbergii,10,1-1-I,E,x,I,1-1-I-E
Rosa multiflora,6,1-1-I,E,x,I,1-1-I-E
Dryopteris carthusiana,15,1-1-I,E,x,I,1-1-I-E
Onoclea sensibilis,21,1-1-I,E,x,I,1-1-I-E
Prenanthes spp.,2,1-1-I,E,x,I,1-1-I-E
Circaea lutetiana,1,1-1-I,E,x,I,1-1-I-E
Persicaria spp.,105,1-1-R,N,NA,R,1-1-R-N
Berberis thunbergii,18,1-1-R,N,NA,R,1-1-R-N
Impatiens spp.,5,1-1-R,N,NA,R,1-1-R-N
Boehmeria spp.,1,1-1-R,N,NA,R,1-1-R-N
Parthenocissus quinquefolia,12,1-1-R,N,NA,R,1-1-R-N
Microstegium vimineum,4,1-1-R,N,NA,R,1-1-R-N
Phytolacca decandra,7,1-1-R,N,NA,R,1-1-R-N
Dicot,1,1-1-R,N,NA,R,1-1-R-N
Crataegus spp.,1,1-1-I,E,x,I,1-1-I-E
Monocot,3,1-1-R,N,NA,R,1-1-R-N
Rubus spp.,1,1-1-R,N,NA,R,1-1-R-N
Symplocarpus foetidus,3,1-1-R,N,NA,R,1-1-R-N
Circaea lutetiana,1,1-1-R,N,NA,R,1-1-R-N
Rosa multiflora,3,1-1-R,N,NA,R,1-1-R-N
Vitis spp.,2,1-1-R,N,NA,R,1-1-R-N
Parthenocissus quinquefolia,16,1-1-R,SW,NA,R,1-1-R-SW
Berberis thunbergii,83,1-1-R,SW,NA,R,1-1-R-SW
Lindera benzoin,1,1-1-R,SW,NA,R,1-1-R-SW
Lindera benzoin,6,1-1-R,SW,NA,R,1-1-R-SW
Rubus spp.,2,1-1-R,SW,NA,R,1-1-R-SW
Vitis spp.,4,1-1-R,SW,NA,R,1-1-R-SW
Toxicodendron radicans,7,1-1-R,SW,NA,R,1-1-R-SW
Vitis spp.,1,1-1-R,SW,NA,R,1-1-R-SW
Prunus serotina,4,1-1-R,SW,NA,R,1-1-R-SW
Alnus spp.,3,1-1-R,SW,NA,R,1-1-R-SW
Rosa multiflora,1,1-1-R,SW,NA,R,1-1-R-SW
Persicaria spp.,9,1-1-R,SW,NA,R,1-1-R-SW
Prenanthes spp.,2,1-1-R,SW,NA,R,1-1-R-SW
Onoclea sensibilis,2,1-1-R,SW,NA,R,1-1-R-SW
Ligustrum vulgare,17,2-3-C,E,NA,C,2-3-C-E
Persicaria spp.,10,2-3-C,E,NA,C,2-3-C-E
Galium spp.,53,2-3-C,E,NA,C,2-3-C-E
Polygonum spp.,16,2-3-C,E,NA,C,2-3-C-E
Rubus spp.,9,2-3-C,E,NA,C,2-3-C-E
Parthenocissus quinquefolia,26,2-3-C,E,NA,C,2-3-C-E
Boehmeria spp.,1,2-3-C,E,NA,C,2-3-C-E
Lindera benzoin,12,2-3-C,E,NA,C,2-3-C-E
Celastrus orbiculatus,7,2-3-C,E,NA,C,2-3-C-E
Alliaria petiolata,9,2-3-C,E,NA,C,2-3-C-E
Berberis thunbergii,4,2-3-C,E,NA,C,2-3-C-E
Rosa multiflora,12,2-3-C,E,NA,C,2-3-C-E
Alnus spp.,2,2-3-C,E,NA,C,2-3-C-E
Sassafras albidum,4,2-3-C,E,NA,C,2-3-C-E
Impatiens spp.,7,2-3-C,E,NA,C,2-3-C-E
Lamiaceae,1,2-3-C,E,NA,C,2-3-C-E
Monocot,4,2-3-C,E,NA,C,2-3-C-E
Dryopteris triploidea,5,2-3-C,E,NA,C,2-3-C-E
Oxalis spp.,1,2-3-C,E,NA,C,2-3-C-E
Rubus spp.,12,2-3-C,S,NA,C,2-3-C-S
Polygonum spp.,6,2-3-C,S,NA,C,2-3-C-S
Boehmeria spp.,12,2-3-C,S,NA,C,2-3-C-S
Impatiens spp.,1,2-3-C,S,NA,C,2-3-C-S
Circaea lutetiana,2,2-3-C,S,NA,C,2-3-C-S
Lamiaceae,1,2-3-C,S,NA,C,2-3-C-S
Celastrus orbiculatus,2,2-3-C,S,NA,C,2-3-C-S
Ligustrum vulgare,9,2-3-C,S,NA,C,2-3-C-S
Alliaria petiolata,3,2-3-C,S,NA,C,2-3-C-S
Viola spp.,1,2-3-C,S,NA,C,2-3-C-S
Persicaria spp.,13,2-3-C,S,NA,C,2-3-C-S
Crataegus spp.,1,2-3-C,S,NA,C,2-3-C-S
Parthenocissus quinquefolia,4,2-3-C,S,NA,C,2-3-C-S
Lindera benzoin,4,2-3-C,S,NA,C,2-3-C-S
Dicot,3,2-3-C,S,NA,C,2-3-C-S
Toxicodendron radicans,4,2-3-C,S,NA,C,2-3-C-S
Monocot,3,2-3-C,S,NA,C,2-3-C-S
Acer rubrum,1,2-3-C,S,NA,C,2-3-C-S
Galium spp.,33,2-3-C,S,NA,C,2-3-C-S
Ilex spp.,1,2-3-C,S,NA,C,2-3-C-S
Oxalis spp.,2,2-3-C,S,NA,C,2-3-C-S
Rosa multiflora,6,2-3-C,S,NA,C,2-3-C-S
Polystichum acrostichoides,27,2-3-C,S,NA,C,2-3-C-S
Dryopteris triploidea,18,2-3-C,S,NA,C,2-3-C-S
Parthenocissus quinquefolia,17,1-1-I,Center,NA,I,1-1-I-Center
Toxicodendron radicans,7,1-1-I,Center,NA,I,1-1-I-Center
Polygonum spp.,1,1-1-I,Center,NA,I,1-1-I-Center
Crataegus spp.,2,1-1-I,Center,NA,I,1-1-I-Center
Onoclea sensibilis,3,1-1-I,Center,NA,I,1-1-I-Center
Berberis thunbergii,8,1-1-I,Center,NA,I,1-1-I-Center
Symplocarpus foetidus,1,1-1-I,Center,NA,I,1-1-I-Center
Rosa multiflora,3,1-1-I,Center,NA,I,1-1-I-Center
Monocot,1,1-1-I,Center,NA,I,1-1-I-Center
Monocot,1,1-1-I,Center,NA,I,1-1-I-Center
Lindera benzoin,4,1-1-I,Center,NA,I,1-1-I-Center
Impatiens spp.,5,1-2-C,Center,NA,C,1-2-C-Center
Boehmeria spp.,8,1-2-C,Center,NA,C,1-2-C-Center
Viola spp.,6,1-2-C,Center,NA,C,1-2-C-Center
Polygonum spp.,3,1-2-C,Center,NA,C,1-2-C-Center
Thelypteris noveboracensis,135,1-2-C,Center,NA,C,1-2-C-Center
Dryopteris intermedia,11,1-2-C,Center,NA,C,1-2-C-Center
Monocot,1,1-2-C,Center,NA,C,1-2-C-Center
Persicaria spp.,7,1-2-C,Center,NA,C,1-2-C-Center
Rosa multiflora,1,1-2-C,Center,NA,C,1-2-C-Center
Circaea lutetiana,1,1-2-C,Center,NA,C,1-2-C-Center
Parthenocissus quinquefolia,3,1-2-I,Center,NA,I,1-2-I-Center
Rubus spp.,3,1-2-I,Center,NA,I,1-2-I-Center
Thelypteris noveboracensis,6,1-2-I,Center,NA,I,1-2-I-Center
Rosa multiflora,5,1-2-I,Center,NA,I,1-2-I-Center
Boehmeria spp.,2,1-2-I,Center,NA,I,1-2-I-Center
Galium spp.,3,1-2-I,Center,NA,I,1-2-I-Center
Ligustrum vulgare,7,1-2-I,Center,NA,I,1-2-I-Center
Dryopteris triploidea,15,1-2-I,Center,NA,I,1-2-I-Center
Persicaria spp.,1,1-2-I,Center,NA,I,1-2-I-Center
Toxicodendron radicans,1,1-2-I,Center,NA,I,1-2-I-Center
Lindera benzoin,1,1-2-I,Center,NA,I,1-2-I-Center
Thelypteris noveboracensis,293,1-3-C,Center,NA,C,1-3-C-Center
Oxalis spp.,1,1-3-I,Center,NA,I,1-3-I-Center
Ligustrum vulgare,6,1-3-I,Center,NA,I,1-3-I-Center
Berberis thunbergii,19,1-3-I,Center,NA,I,1-3-I-Center
Polygonum spp.,5,1-3-I,Center,NA,I,1-3-I-Center
Impatiens spp.,4,1-3-I,Center,NA,I,1-3-I-Center
Polystichum acrostichoides,33,1-3-I,Center,NA,I,1-3-I-Center
Alliaria petiolata,12,1-3-I,Center,NA,I,1-3-I-Center
Dryopteris triploidea,3,1-3-I,Center,NA,I,1-3-I-Center
Persicaria spp.,2,1-3-I,Center,NA,I,1-3-I-Center
Boehmeria spp.,2,1-3-I,Center,NA,I,1-3-I-Center
Celastrus orbiculatus,28,2-1-C,Center,NA,C,2-1-C-Center
Parthenocissus quinquefolia,14,2-1-C,Center,NA,C,2-1-C-Center
Polygonum spp.,15,2-1-C,Center,NA,C,2-1-C-Center
Galium spp.,31,2-1-C,Center,NA,C,2-1-C-Center
Toxicodendron radicans,4,2-1-C,Center,NA,C,2-1-C-Center
Boehmeria spp.,20,2-1-C,Center,NA,C,2-1-C-Center
Ligustrum vulgare,13,2-1-C,Center,NA,C,2-1-C-Center
Berberis thunbergii,3,2-1-C,Center,NA,C,2-1-C-Center
Rosa multiflora,4,2-1-C,Center,NA,C,2-1-C-Center
Impatiens spp.,4,2-1-C,Center,NA,C,2-1-C-Center
Lindera benzoin,13,2-1-C,Center,NA,C,2-1-C-Center
Rubus spp.,4,2-1-C,Center,NA,C,2-1-C-Center
Persicaria spp.,6,2-1-C,Center,NA,C,2-1-C-Center
Circaea lutetiana,1,2-1-C,Center,NA,C,2-1-C-Center
Oxalis spp.,2,2-1-C,Center,NA,C,2-1-C-Center
Dryopteris spp.,6,2-1-C,Center,NA,C,2-1-C-Center
Berberis thunbergii,47,2-1-R,N,NA,R,2-1-R-N
Ligustrum vulgare,5,2-1-R,N,NA,R,2-1-R-N
Rubus spp.,2,2-1-R,N,NA,R,2-1-R-N
Polygonum spp.,16,2-1-R,N,NA,R,2-1-R-N
Celastrus orbiculatus,1,2-1-R,N,NA,R,2-1-R-N
Parthenocissus quinquefolia,7,2-1-R,N,NA,R,2-1-R-N
Sassafras albidum,1,2-1-R,N,NA,R,2-1-R-N
Impatiens spp.,1,2-1-R,N,NA,R,2-1-R-N
Alliaria petiolata,2,2-1-R,N,NA,R,2-1-R-N
Rosa multiflora,13,2-1-R,N,NA,R,2-1-R-N
Polystichum acrostichoides,22,2-1-R,N,NA,R,2-1-R-N
Toxicodendron radicans,2,2-1-R,N,NA,R,2-1-R-N
Dryopteris triploidea,8,2-1-R,N,NA,R,2-1-R-N
Persicaria spp.,2,2-1-R,N,NA,R,2-1-R-N
Berberis thunbergii,62,2-1-R,S,NA,R,2-1-R-S
Ligustrum vulgare,8,2-1-R,S,NA,R,2-1-R-S
Boehmeria spp.,1,2-1-R,S,NA,R,2-1-R-S
Polygonum spp.,14,2-1-R,S,NA,R,2-1-R-S
Rubus spp.,1,2-1-R,S,NA,R,2-1-R-S
Lindera benzoin,2,2-1-R,S,NA,R,2-1-R-S
Lindera benzoin,4,2-1-R,S,NA,R,2-1-R-S
Parthenocissus quinquefolia,4,2-1-R,S,NA,R,2-1-R-S
Toxicodendron radicans,2,2-1-R,S,NA,R,2-1-R-S
Rosa multiflora,19,2-1-R,S,NA,R,2-1-R-S
Polystichum acrostichoides,13,2-1-R,S,NA,R,2-1-R-S
Parthenocissus quinquefolia,5,2-1-I,W,NA,I,2-1-I-W
Ligustrum vulgare,2,2-1-I,W,NA,I,2-1-I-W
Alliaria petiolata,4,2-1-I,W,NA,I,2-1-I-W
Boehmeria spp.,12,2-1-I,W,NA,I,2-1-I-W
Lonicera spp.,1,2-1-I,W,NA,I,2-1-I-W
Celastrus orbiculatus,9,2-1-I,W,NA,I,2-1-I-W
Lindera benzoin,1,2-1-I,W,NA,I,2-1-I-W
Rosa multiflora,7,2-1-I,W,NA,I,2-1-I-W
Thelypteris noveboracensis,34,2-1-I,W,NA,I,2-1-I-W
Dryopteris triploidea,15,2-1-I,W,NA,I,2-1-I-W
Polystichum acrostichoides,18,2-1-I,W,NA,I,2-1-I-W
Ligustrum vulgare,3,2-1-I,SW,NA,I,2-1-I-SW
Celastrus orbiculatus,4,2-1-I,SW,NA,I,2-1-I-SW
Podophyllum peltatum,2,2-1-I,SW,NA,I,2-1-I-SW
Impatiens spp.,2,2-1-I,SW,NA,I,2-1-I-SW
Boehmeria spp.,2,2-1-I,SW,NA,I,2-1-I-SW
Polygonum spp.,2,2-1-I,SW,NA,I,2-1-I-SW
Parthenocissus quinquefolia,8,2-1-I,SW,NA,I,2-1-I-SW
Monocot,5,2-1-I,SW,NA,I,2-1-I-SW
Lindera benzoin,1,2-1-I,SW,NA,I,2-1-I-SW
Lindera benzoin,1,2-1-I,SW,NA,I,2-1-I-SW
Rosa multiflora,20,2-1-I,SW,NA,I,2-1-I-SW
Polystichum acrostichoides,45,2-1-I,SW,NA,I,2-1-I-SW
Thelypteris noveboracensis,28,2-1-I,SW,NA,I,2-1-I-SW
Dryopteris triploidea,15,2-1-I,SW,NA,I,2-1-I-SW
Lindera benzoin,24,2-1-C,Center,NA,C,2-1-C-Center
Ligustrum vulgare,16,2-1-C,Center,NA,C,2-1-C-Center
Parthenocissus quinquefolia,8,2-1-C,Center,NA,C,2-1-C-Center
Impatiens spp.,5,2-1-C,Center,NA,C,2-1-C-Center
Rubus spp.,7,2-1-C,Center,NA,C,2-1-C-Center
Boehmeria spp.,4,2-1-C,Center,NA,C,2-1-C-Center
Toxicodendron radicans,2,2-1-C,Center,NA,C,2-1-C-Center
Persicaria spp.,9,2-1-C,Center,NA,C,2-1-C-Center
Polygonum spp.,5,2-1-C,Center,NA,C,2-1-C-Center
Viola spp.,19,2-1-C,Center,NA,C,2-1-C-Center
Alliaria petiolata,2,2-1-C,Center,NA,C,2-1-C-Center
Oxalis spp.,4,2-1-C,Center,NA,C,2-1-C-Center
Berberis thunbergii,4,2-1-C,Center,NA,C,2-1-C-Center
Rosa multiflora,7,2-1-C,Center,NA,C,2-1-C-Center
Acer rubrum,5,2-1-C,Center,NA,C,2-1-C-Center
Vitis spp.,5,2-1-C,Center,NA,C,2-1-C-Center
Ilex spp.,1,2-1-C,Center,NA,C,2-1-C-Center
Dryopteris spp.,3,2-1-C,Center,NA,C,2-1-C-Center
Microstegium vimineum,5,2-1-C,Center,NA,C,2-1-C-Center
Acer rubrum,1,2-1-C,Center,NA,C,2-1-C-Center
Microstegium vimineum,130,2-1-C,SW,NA,C,2-1-C-SW
Berberis thunbergii,11,2-1-C,SW,NA,C,2-1-C-SW
Rubus spp.,53,2-1-C,SW,NA,C,2-1-C-SW
Lindera benzoin,10,2-1-C,SW,NA,C,2-1-C-SW
Celastrus orbiculatus,7,2-1-C,SW,NA,C,2-1-C-SW
Parthenocissus quinquefolia,6,2-1-C,SW,NA,C,2-1-C-SW
Oxalis spp.,1,2-1-C,SW,NA,C,2-1-C-SW
Boehmeria spp.,6,2-1-C,SW,NA,C,2-1-C-SW
Polygonum spp.,6,2-1-C,SW,NA,C,2-1-C-SW
Persicaria spp.,7,2-1-C,SW,NA,C,2-1-C-SW
Acer rubrum,4,2-1-C,SW,NA,C,2-1-C-SW
Rosa multiflora,6,2-1-C,SW,NA,C,2-1-C-SW
Alliaria petiolata,2,2-1-C,SW,NA,C,2-1-C-SW
Dryopteris triploidea,13,2-1-I,Center,NA,I,2-1-I-Center
Lindera benzoin,1,2-1-I,Center,NA,I,2-1-I-Center
Celastrus orbiculatus,1,2-1-I,Center,NA,I,2-1-I-Center
Acer rubrum,1,2-1-I,E,NA,I,2-1-I-E
Ligustrum vulgare,9,2-1-I,E,NA,I,2-1-I-E
Impatiens spp.,1,2-1-I,E,NA,I,2-1-I-E
Dryopteris triploidea,8,2-1-I,E,NA,I,2-1-I-E
Rubus spp.,20,2-1-R,Center,NA,R,2-1-R-Center
Ilex spp.,2,2-1-R,Center,NA,R,2-1-R-Center
Crataegus spp.,1,2-1-R,Center,NA,R,2-1-R-Center
Prunus serotina,1,2-1-R,Center,NA,R,2-1-R-Center
Berberis thunbergii,44,2-1-R,Center,NA,R,2-1-R-Center
Nyssa sylvatica,1,2-1-R,Center,NA,R,2-1-R-Center
Toxicodendron radicans,2,2-1-R,Center,NA,R,2-1-R-Center
Vitis spp.,5,2-1-R,Center,NA,R,2-1-R-Center
Viburnum acerifolium,5,2-1-R,Center,NA,R,2-1-R-Center
Parthenocissus quinquefolia,11,2-1-R,Center,NA,R,2-1-R-Center
Lindera benzoin,2,2-1-R,Center,NA,R,2-1-R-Center
Polygonum spp.,2,2-1-R,Center,NA,R,2-1-R-Center
Rosa multiflora,3,2-1-R,Center,NA,R,2-1-R-Center
Dryopteris intermedia,18,2-1-R,Center,NA,R,2-1-R-Center
Dryopteris triploidea,21,2-1-R,Center,NA,R,2-1-R-Center
Berberis thunbergii,11,2-1-R,N,NA,R,2-1-R-N
Lindera benzoin,8,2-1-R,N,NA,R,2-1-R-N
Parthenocissus quinquefolia,7,2-1-R,N,NA,R,2-1-R-N
Polygonum spp.,3,2-1-R,N,NA,R,2-1-R-N
Rubus spp.,5,2-1-R,N,NA,R,2-1-R-N
Persicaria spp.,13,2-1-R,N,NA,R,2-1-R-N
Impatiens spp.,1,2-1-R,N,NA,R,2-1-R-N
Microstegium vimineum,17,2-1-R,N,NA,R,2-1-R-N
Celastrus orbiculatus,1,2-1-R,N,NA,R,2-1-R-N
Vitis spp.,4,2-1-R,N,NA,R,2-1-R-N
Viburnum acerifolium,1,2-1-R,N,NA,R,2-1-R-N
Rosa multiflora,11,2-1-R,N,NA,R,2-1-R-N
Ligustrum vulgare,4,2-1-R,N,NA,R,2-1-R-N
Dryopteris triploidea,75,2-1-R,N,NA,R,2-1-R-N
Dryopteris intermedia,12,2-1-R,N,NA,R,2-1-R-N
Berberis thunbergii,1,2-6-C,Center,NA,C,2-6-C-Center
Dryopteris triploidea,8,2-6-C,Center,NA,C,2-6-C-Center
Polystichum acrostichoides,7,2-6-C,Center,NA,C,2-6-C-Center
Alliaria petiolata,1,2-6-C,Center,NA,C,2-6-C-Center
Microstegium vimineum,2400,2-6-C,Center,NA,C,2-6-C-Center
Berberis thunbergii,6,2-6-C,N,NA,C,2-6-C-N
Boehmeria spp.,11,2-6-C,N,NA,C,2-6-C-N
Dicot,1,2-6-C,N,NA,C,2-6-C-N
Microstegium vimineum,2400,2-6-C,N,NA,C,2-6-C-N
Parthenocissus quinquefolia,2,2-6-I,Center,NA,I,2-6-I-Center
Celastrus orbiculatus,1,2-6-I,Center,NA,I,2-6-I-Center
Dicot,3,2-6-I,Center,NA,I,2-6-I-Center
Microstegium vimineum,62,2-6-I,Center,NA,I,2-6-I-Center
Dicot,1,2-6-I,Center,NA,I,2-6-I-Center
Impatiens spp.,1,2-6-I,Center,NA,I,2-6-I-Center
Microstegium vimineum,600,2-6-I,NW,NA,I,2-6-I-NW
Boehmeria spp.,16,2-6-I,NW,NA,I,2-6-I-NW
Lindera benzoin,3,2-6-I,NW,NA,I,2-6-I-NW
Microstegium vimineum,450,2-6-R,N,NA,R,2-6-R-N
Berberis thunbergii,23,2-6-R,N,NA,R,2-6-R-N
Oxalis spp.,2,2-6-R,N,NA,R,2-6-R-N
Boehmeria spp.,3,2-6-R,N,NA,R,2-6-R-N
Dryopteris intermedia,2,2-6-R,N,NA,R,2-6-R-N
Lindera benzoin,3,2-6-R,N,NA,R,2-6-R-N
Vitis spp.,4,2-6-R,N,NA,R,2-6-R-N
Alliaria petiolata,3,2-6-R,N,NA,R,2-6-R-N
Parthenocissus quinquefolia,2,2-6-R,N,NA,R,2-6-R-N
Monocot,4,2-6-R,N,NA,R,2-6-R-N
Lindera benzoin,1,2-6-R,N,NA,R,2-6-R-N
Microstegium vimineum,450,2-6-R,Center,NA,R,2-6-R-Center
Vitis spp.,3,2-6-R,Center,NA,R,2-6-R-Center
Boehmeria spp.,4,2-6-R,Center,NA,R,2-6-R-Center
Oxalis spp.,9,2-6-R,Center,NA,R,2-6-R-Center
Cirsium spp.,1,2-6-R,Center,NA,R,2-6-R-Center
Asteraceae,1,2-6-R,Center,NA,R,2-6-R-Center
Parthenocissus quinquefolia,1,2-6-R,Center,NA,R,2-6-R-Center
Viola spp.,1,2-6-R,Center,NA,R,2-6-R-Center
Monocot,1,2-6-R,Center,NA,R,2-6-R-Center
Dicot,3,2-6-R,Center,NA,R,2-6-R-Center
Rosa multiflora,6,2-6-R,Center,NA,R,2-6-R-Center
Berberis thunbergii,9,2-6-R,Center,NA,R,2-6-R-Center
Liriodendron tulipifera,16,2-5-C,Center,NA,C,2-5-C-Center
Vitis spp.,5,2-5-C,Center,NA,C,2-5-C-Center
Boehmeria spp.,11,2-5-C,Center,NA,C,2-5-C-Center
Microstegium vimineum,46,2-5-C,Center,NA,C,2-5-C-Center
Monocot,10,2-5-C,Center,NA,C,2-5-C-Center
Rubus spp.,1,2-5-C,Center,NA,C,2-5-C-Center
Nyssa sylvatica,1,2-5-C,Center,NA,C,2-5-C-Center
Rosa multiflora,1,2-5-C,Center,NA,C,2-5-C-Center
Monocot,3,2-5-C,Center,NA,C,2-5-C-Center
Parthenocissus quinquefolia,1,2-5-C,Center,NA,C,2-5-C-Center
Viola spp.,1,2-5-C,Center,NA,C,2-5-C-Center
Dicot,2,2-5-C,Center,NA,C,2-5-C-Center
Microstegium vimineum,102,2-5-C,S,NA,C,2-5-C-S
Acer rubrum,1,2-5-C,S,NA,C,2-5-C-S
Boehmeria spp.,6,2-5-C,S,NA,C,2-5-C-S
Liriodendron tulipifera,4,2-5-C,S,NA,C,2-5-C-S
Rubus spp.,1,2-5-C,S,NA,C,2-5-C-S
Lindera benzoin,3,2-5-C,S,NA,C,2-5-C-S
Asteraceae,1,2-5-C,S,NA,C,2-5-C-S
Berberis thunbergii,3,2-5-C,S,NA,C,2-5-C-S
Vitis spp.,1,2-5-C,S,NA,C,2-5-C-S
Dicot,1,2-5-C,S,NA,C,2-5-C-S
Galium spp.,9,2-5-I,Center,NA,I,2-5-I-Center
Parthenocissus quinquefolia,2,2-5-I,Center,NA,I,2-5-I-Center
Lindera benzoin,6,2-5-I,Center,NA,I,2-5-I-Center
Asteraceae,1,2-5-I,Center,NA,I,2-5-I-Center
Microstegium vimineum,27,2-5-I,Center,NA,I,2-5-I-Center
Dryopteris spp.,3,2-5-I,Center,NA,I,2-5-I-Center
Rosa multiflora,1,2-5-I,Center,NA,I,2-5-I-Center
Monocot,3,2-5-I,NW,NA,I,2-5-I-NW
Rosa multiflora,1,2-5-I,NW,NA,I,2-5-I-NW
Persicaria spp.,1,2-5-I,NW,NA,I,2-5-I-NW
Prunus serotina,1,2-5-I,NW,NA,I,2-5-I-NW
Lindera benzoin,11,2-5-I,NW,NA,I,2-5-I-NW
Celastrus orbiculatus,1,2-5-I,NW,NA,I,2-5-I-NW
Crataegus spp.,2,2-5-I,NW,NA,I,2-5-I-NW
Microstegium vimineum,3,2-5-I,NW,NA,I,2-5-I-NW
Berberis thunbergii,16,2-5-R,Center,NA,R,2-5-R-Center
Liriodendron tulipifera,7,2-5-R,Center,NA,R,2-5-R-Center
Lindera benzoin,9,2-5-R,Center,NA,R,2-5-R-Center
Sassafras albidum,2,2-5-R,Center,NA,R,2-5-R-Center
Viola spp.,8,2-5-R,Center,NA,R,2-5-R-Center
Toxicodendron radicans,4,2-5-R,Center,NA,R,2-5-R-Center
Parthenocissus quinquefolia,1,2-5-R,Center,NA,R,2-5-R-Center
Dryopteris triploidea,3,2-5-R,Center,NA,R,2-5-R-Center
Asteraceae,12,2-5-R,Center,NA,R,2-5-R-Center
Berberis thunbergii,27,2-5-R,S,NA,R,2-5-R-S
Sassafras albidum,3,2-5-R,S,NA,R,2-5-R-S
Asteraceae,5,2-5-R,S,NA,R,2-5-R-S
Liriodendron tulipifera,4,2-5-R,S,NA,R,2-5-R-S
Microstegium vimineum,33,2-5-R,S,NA,R,2-5-R-S
Lindera benzoin,2,2-5-R,S,NA,R,2-5-R-S
Viola spp.,6,2-5-R,S,NA,R,2-5-R-S
Rubus spp.,4,2-5-R,S,NA,R,2-5-R-S
Rosa multiflora,2,2-5-R,S,NA,R,2-5-R-S
Boehmeria spp.,1,2-5-R,S,NA,R,2-5-R-S
Parthenocissus quinquefolia,1,2-5-R,S,NA,R,2-5-R-S
Rosa multiflora,28,2-4-C,Center,NA,C,2-4-C-Center
Parthenocissus quinquefolia,8,2-4-C,Center,NA,C,2-4-C-Center
Rubus spp.,9,2-4-C,Center,NA,C,2-4-C-Center
Toxicodendron radicans,28,2-4-C,Center,NA,C,2-4-C-Center
Quercus spp.,2,2-4-C,Center,NA,C,2-4-C-Center
Carya spp.,5,2-4-C,Center,NA,C,2-4-C-Center
Maianthemum spp.,1,2-4-C,Center,NA,C,2-4-C-Center
Ilex spp.,3,2-4-C,Center,NA,C,2-4-C-Center
Crataegus spp.,6,2-4-C,Center,NA,C,2-4-C-Center
Ligustrum vulgare,3,2-4-C,Center,NA,C,2-4-C-Center
Acer rubrum,18,2-4-C,Center,NA,C,2-4-C-Center
Vitis spp.,1,2-4-C,Center,NA,C,2-4-C-Center
Alnus spp.,5,2-4-C,Center,NA,C,2-4-C-Center
Lindera benzoin,2,2-4-C,Center,NA,C,2-4-C-Center
Nyssa sylvatica,5,2-4-C,Center,NA,C,2-4-C-Center
Monocot,18,2-4-C,Center,NA,C,2-4-C-Center
Monocot,6,2-4-C,Center,NA,C,2-4-C-Center
Dicot,3,2-4-C,Center,NA,C,2-4-C-Center
Dicot,1,2-4-C,Center,NA,C,2-4-C-Center
Ligustrum vulgare,7,2-4-C,N,NA,C,2-4-C-N
Lindera benzoin,6,2-4-C,N,NA,C,2-4-C-N
Rosa multiflora,13,2-4-C,N,NA,C,2-4-C-N
Berberis thunbergii,1,2-4-C,N,NA,C,2-4-C-N
Parthenocissus quinquefolia,15,2-4-C,N,NA,C,2-4-C-N
Toxicodendron radicans,20,2-4-C,N,NA,C,2-4-C-N
Prunus serotina,26,2-4-C,N,NA,C,2-4-C-N
Crataegus spp.,8,2-4-C,N,NA,C,2-4-C-N
Carya spp.,2,2-4-C,N,NA,C,2-4-C-N
Lonicera spp.,5,2-4-C,N,NA,C,2-4-C-N
Dicot,5,2-4-C,N,NA,C,2-4-C-N
Vitis spp.,6,2-4-C,N,NA,C,2-4-C-N
Nyssa sylvatica,5,2-4-C,N,NA,C,2-4-C-N
Acer rubrum,3,2-4-C,N,NA,C,2-4-C-N
Rubus spp.,1,2-4-C,N,NA,C,2-4-C-N
Ilex spp.,3,2-4-C,N,NA,C,2-4-C-N
Quercus spp.,2,2-4-C,N,NA,C,2-4-C-N
Fraxinus spp.,1,2-4-C,N,NA,C,2-4-C-N
Ligustrum vulgare,9,2-4-I,Center,NA,I,2-4-I-Center
Rubus spp.,5,2-4-I,Center,NA,I,2-4-I-Center
Celastrus orbiculatus,4,2-4-I,Center,NA,I,2-4-I-Center
Lindera benzoin,1,2-4-I,Center,NA,I,2-4-I-Center
Monocot,1,2-4-I,Center,NA,I,2-4-I-Center
Parthenocissus quinquefolia,5,2-4-I,Center,NA,I,2-4-I-Center
Monocot,1,2-4-I,Center,NA,I,2-4-I-Center
Polygonum spp.,1,2-4-I,Center,NA,I,2-4-I-Center
Lindera benzoin,4,2-4-I,Center,NA,I,2-4-I-Center
Lonicera spp.,4,2-4-I,Center,NA,I,2-4-I-Center
Ranunculus spp.,1,2-4-I,Center,NA,I,2-4-I-Center
Dryopteris triploidea,18,2-4-I,Center,NA,I,2-4-I-Center
Prunus serotina,2,2-4-I,Center,NA,I,2-4-I-Center
Oxalis spp.,1,2-4-I,Center,NA,I,2-4-I-Center
Acer rubrum,1,2-4-I,Center,NA,I,2-4-I-Center
Viola spp.,2,2-4-I,Center,NA,I,2-4-I-Center
Boehmeria spp.,1,2-4-I,S,NA,I,2-4-I-S
Polygonum spp.,1,2-4-I,S,NA,I,2-4-I-S
Ligustrum vulgare,12,2-4-I,S,NA,I,2-4-I-S
Dryopteris triploidea,5,2-4-I,S,NA,I,2-4-I-S
Celastrus orbiculatus,4,2-4-I,S,NA,I,2-4-I-S
Toxicodendron radicans,5,2-4-I,S,NA,I,2-4-I-S
Viola spp.,2,2-4-I,S,NA,I,2-4-I-S
Rubus spp.,1,2-4-I,S,NA,I,2-4-I-S
Parthenocissus quinquefolia,3,2-4-I,S,NA,I,2-4-I-S
Impatiens spp.,4,2-4-I,S,NA,I,2-4-I-S
Ligustrum vulgare,27,2-4-R,Center,NA,R,2-4-R-Center
Rosa multiflora,8,2-4-R,Center,NA,R,2-4-R-Center
Alliaria petiolata,11,2-4-R,Center,NA,R,2-4-R-Center
Boehmeria spp.,4,2-4-R,Center,NA,R,2-4-R-Center
Polygonum spp.,8,2-4-R,Center,NA,R,2-4-R-Center
Celastrus orbiculatus,13,2-4-R,Center,NA,R,2-4-R-Center
Monocot,1,2-4-R,Center,NA,R,2-4-R-Center
Viburnum acerifolium,4,2-4-R,Center,NA,R,2-4-R-Center
Oxalis spp.,3,2-4-R,Center,NA,R,2-4-R-Center
Galium spp.,4,2-4-R,Center,NA,R,2-4-R-Center
Symplocarpus foetidus,3,2-4-R,Center,NA,R,2-4-R-Center
Cardamine hirsuta,1,2-4-R,Center,NA,R,2-4-R-Center
Dryopteris spp.,2,2-4-R,Center,NA,R,2-4-R-Center
Monocot,4,2-4-R,Center,NA,R,2-4-R-Center
Carya spp.,1,2-4-R,Center,NA,R,2-4-R-Center
Oxalis spp.,27,2-4-R,E,NA,R,2-4-R-E
Parthenocissus quinquefolia,3,2-4-R,E,NA,R,2-4-R-E
Boehmeria spp.,7,2-4-R,E,NA,R,2-4-R-E
Ligustrum vulgare,7,2-4-R,E,NA,R,2-4-R-E
Cardamine hirsuta,3,2-4-R,E,NA,R,2-4-R-E
Mitchella repens,5,2-4-R,E,NA,R,2-4-R-E
Monocot,1,2-4-R,E,NA,R,2-4-R-E
Asteraceae,1,2-4-R,E,NA,R,2-4-R-E
Celastrus orbiculatus,2,2-4-R,E,NA,R,2-4-R-E
Lindera benzoin,2,2-4-R,E,NA,R,2-4-R-E
Carya spp.,3,2-4-R,E,NA,R,2-4-R-E
Alliaria petiolata,4,2-4-R,E,NA,R,2-4-R-E
Polygonum spp.,2,2-4-R,E,NA,R,2-4-R-E
Boehmeria spp.,3,2-4-R,E,NA,R,2-4-R-E
Rosa multiflora,4,2-2-I,Center,NA,I,2-2-I-Center
Crataegus spp.,5,2-2-I,Center,NA,I,2-2-I-Center
Viola spp.,3,2-2-I,Center,NA,I,2-2-I-Center
Rubus spp.,1,2-2-I,Center,NA,I,2-2-I-Center
Celastrus orbiculatus,3,2-2-I,Center,NA,I,2-2-I-Center
Toxicodendron radicans,3,2-2-I,Center,NA,I,2-2-I-Center
Parthenocissus quinquefolia,5,2-2-I,Center,NA,I,2-2-I-Center
Polystichum acrostichoides,4,2-2-I,Center,NA,I,2-2-I-Center
Acer rubrum,1,2-2-I,Center,NA,I,2-2-I-Center
Lindera benzoin,1,2-2-I,Center,NA,I,2-2-I-Center
Crataegus spp.,5,2-2-I,NW,NA,I,2-2-I-NW
Ligustrum vulgare,2,2-2-I,NW,NA,I,2-2-I-NW
Dryopteris triploidea,14,2-2-I,NW,NA,I,2-2-I-NW
Vaccinium spp.,2,2-2-I,NW,NA,I,2-2-I-NW
Celastrus orbiculatus,3,2-2-I,NW,NA,I,2-2-I-NW
Parthenocissus quinquefolia,2,2-2-I,NW,NA,I,2-2-I-NW
Viburnum acerifolium,1,2-2-I,NW,NA,I,2-2-I-NW
Epilobium spp.,1,2-2-I,NW,NA,I,2-2-I-NW
Berberis thunbergii,17,2-2-R,Center,NA,R,2-2-R-Center
Boehmeria spp.,6,2-2-R,Center,NA,R,2-2-R-Center
Celastrus orbiculatus,21,2-2-R,Center,NA,R,2-2-R-Center
Viola spp.,16,2-2-R,Center,NA,R,2-2-R-Center
Ligustrum vulgare,12,2-2-R,Center,NA,R,2-2-R-Center
Parthenocissus quinquefolia,8,2-2-R,Center,NA,R,2-2-R-Center
Monocot,5,2-2-R,Center,NA,R,2-2-R-Center
Rosa multiflora,16,2-2-R,Center,NA,R,2-2-R-Center
Galium spp.,12,2-2-R,Center,NA,R,2-2-R-Center
Vitis spp.,2,2-2-R,Center,NA,R,2-2-R-Center
Plantago spp.,2,2-2-R,Center,NA,R,2-2-R-Center
Monocot,3,2-2-R,Center,NA,R,2-2-R-Center
Dryopteris triploidea,9,2-2-R,Center,NA,R,2-2-R-Center
Thelypteris noveboracensis,70,2-2-R,Center,NA,R,2-2-R-Center
Onoclea sensibilis,2,2-2-R,Center,NA,R,2-2-R-Center
Polygonum spp.,2,2-2-R,Center,NA,R,2-2-R-Center
Prunus serotina,2,2-2-R,Center,NA,R,2-2-R-Center
Elaeagnus umbellata,1,2-2-R,Center,NA,R,2-2-R-Center
Berberis thunbergii,36,2-2-R,N,NA,R,2-2-R-N
Rosa multiflora,18,2-2-R,N,NA,R,2-2-R-N
Celastrus orbiculatus,24,2-2-R,N,NA,R,2-2-R-N
Parthenocissus quinquefolia,11,2-2-R,N,NA,R,2-2-R-N
Vitis spp.,5,2-2-R,N,NA,R,2-2-R-N
Boehmeria spp.,4,2-2-R,N,NA,R,2-2-R-N
Impatiens spp.,7,2-2-R,N,NA,R,2-2-R-N
Oxalis spp.,14,2-2-R,N,NA,R,2-2-R-N
Ligustrum vulgare,5,2-2-R,N,NA,R,2-2-R-N
Polygonum spp.,2,2-2-R,N,NA,R,2-2-R-N
Monocot,3,2-2-R,N,NA,R,2-2-R-N
Viola spp.,4,2-2-R,N,NA,R,2-2-R-N
Alliaria petiolata,2,2-2-R,N,NA,R,2-2-R-N
Galium spp.,21,2-2-R,N,NA,R,2-2-R-N
Elaeagnus umbellata,1,2-2-R,N,NA,R,2-2-R-N
Epilobium spp.,2,2-2-R,N,NA,R,2-2-R-N
Vaccinium spp.,2,2-2-R,N,NA,R,2-2-R-N
Polystichum acrostichoides,17,2-2-R,N,NA,R,2-2-R-N
Thelypteris noveboracensis,16,2-2-R,N,NA,R,2-2-R-N
Polygonum spp.,56,2-2-C,Center,NA,C,2-2-C-Center
Lamium purpureum,1,2-2-C,Center,NA,C,2-2-C-Center
Rubus spp.,8,2-2-C,Center,NA,C,2-2-C-Center
Boehmeria spp.,77,2-2-C,Center,NA,C,2-2-C-Center
Persicaria spp.,7,2-2-C,Center,NA,C,2-2-C-Center
Vitis spp.,2,2-2-C,Center,NA,C,2-2-C-Center
Berberis thunbergii,35,2-2-C,Center,NA,C,2-2-C-Center
Viola spp.,6,2-2-C,Center,NA,C,2-2-C-Center
Celastrus orbiculatus,7,2-2-C,Center,NA,C,2-2-C-Center
Lindera benzoin,8,2-2-C,Center,NA,C,2-2-C-Center
Monocot,3,2-2-C,Center,NA,C,2-2-C-Center
Rosa multiflora,18,2-2-C,Center,NA,C,2-2-C-Center
Parthenocissus quinquefolia,4,2-2-C,Center,NA,C,2-2-C-Center
Galium spp.,8,2-2-C,Center,NA,C,2-2-C-Center
Oxalis spp.,2,2-2-C,Center,NA,C,2-2-C-Center
Monocot,2,2-2-C,Center,NA,C,2-2-C-Center
Berberis thunbergii,21,2-2-C,S,NA,C,2-2-C-S
Toxicodendron radicans,3,2-2-C,S,NA,C,2-2-C-S
Vitis spp.,4,2-2-C,S,NA,C,2-2-C-S
Boehmeria spp.,35,2-2-C,S,NA,C,2-2-C-S
Celastrus orbiculatus,8,2-2-C,S,NA,C,2-2-C-S
Lindera benzoin,9,2-2-C,S,NA,C,2-2-C-S
Polygonum spp.,11,2-2-C,S,NA,C,2-2-C-S
Impatiens spp.,7,2-2-C,S,NA,C,2-2-C-S
Persicaria spp.,4,2-2-C,S,NA,C,2-2-C-S
Parthenocissus quinquefolia,7,2-2-C,S,NA,C,2-2-C-S
Epilobium spp.,2,2-2-C,S,NA,C,2-2-C-S
Ligustrum vulgare,4,2-2-C,S,NA,C,2-2-C-S
Galium spp.,6,2-2-C,S,NA,C,2-2-C-S
Monocot,5,2-2-C,S,NA,C,2-2-C-S
Viola spp.,5,2-2-C,S,NA,C,2-2-C-S
Elaeagnus umbellata,4,2-2-C,S,NA,C,2-2-C-S
Carya spp.,1,2-2-C,S,NA,C,2-2-C-S
Ranunculus spp.,2,2-2-C,S,NA,C,2-2-C-S
Epilobium spp.,1,2-2-C,S,NA,C,2-2-C-S
Rosa multiflora,6,2-2-C,S,NA,C,2-2-C-S
Polystichum acrostichoides,10,2-2-C,S,NA,C,2-2-C-S
Rubus spp.,1,2-2-C,S,NA,C,2-2-C-S
